Date,Qden
9/16/2015,91
9/17/2015,70.77
9/18/2015,117.44
9/19/2015,146.9
9/20/2015,110.87
9/21/2015,101.45
9/22/2015,141.78
9/23/2015,126.33
9/24/2015,97.74
9/25/2015,99.83
9/26/2015,244.59
9/27/2015,145.37
9/28/2015,217.06
9/29/2015,140.89
9/30/2015,106.38
10/1/2015,94.34
10/2/2015,93.2
10/3/2015,87.38
10/4/2015,87.52
10/5/2015,97.04
10/6/2015,68.48
10/7/2015,60.58
10/8/2015,137.86
10/9/2015,242.4
10/10/2015,451.26
10/11/2015,208.12
10/12/2015,134.62
10/13/2015,116.88
10/14/2015,101.91
10/15/2015,91.14
10/16/2015,79.38
10/17/2015,91.09
10/18/2015,63.86
10/19/2015,86.43
10/20/2015,73.82
10/21/2015,66.07
10/22/2015,59.62
10/23/2015,61.18
10/24/2015,52.58
10/25/2015,48.26
10/26/2015,57.43
10/27/2015,53.54
10/28/2015,47.41
10/29/2015,55.03
10/30/2015,69.86
10/31/2015,55.18
11/1/2015,57.84
11/2/2015,41.85
11/3/2015,46.34
11/4/2015,52.68
11/5/2015,61.83
11/6/2015,49.17
11/7/2015,45.86
11/8/2015,37.6
11/9/2015,68.78
11/10/2015,27.4
11/11/2015,53.48
11/12/2015,185.84
11/13/2015,106.61
11/14/2015,64.11
11/15/2015,56.95
11/16/2015,44.66
11/17/2015,62.35
11/18/2015,42.21
11/19/2015,36
11/20/2015,38.02
11/21/2015,32.25
11/22/2015,30.87
11/23/2015,34.64
11/24/2015,36.68
11/25/2015,25.53
11/26/2015,35.42
11/27/2015,35.6
11/28/2015,36.96
11/29/2015,44.01
11/30/2015,35.52
12/1/2015,28.27
12/2/2015,26.93
12/3/2015,26.09
12/4/2015,77.89
12/5/2015,180.07
12/6/2015,63.56
12/7/2015,43.74
12/8/2015,46.53
12/9/2015,71.51
12/10/2015,47.22
12/11/2015,49.25
12/12/2015,32.28
12/13/2015,25.5
12/14/2015,56.23
12/15/2015,39.35
12/16/2015,25.34
12/17/2015,51.14
12/18/2015,22.82
12/19/2015,44.63
12/20/2015,46.59
12/21/2015,38.43
12/22/2015,37.77
12/23/2015,31.65
12/24/2015,22.13
12/25/2015,32.33
12/26/2015,44.58
12/27/2015,30.53
12/28/2015,40.19
12/29/2015,64.28
12/30/2015,72.47
12/31/2015,78.59
1/1/2016,54.67
1/2/2016,33.79
1/3/2016,40.98
1/4/2016,35.69
1/5/2016,30.33
1/6/2016,33.05
1/7/2016,31.02
1/8/2016,29.27
1/9/2016,24.23
1/10/2016,34.43
1/11/2016,26.95
1/12/2016,27.7
1/13/2016,22.88
1/14/2016,28.91
1/15/2016,38.84
1/16/2016,24.63
1/17/2016,31.15
1/18/2016,29.02
1/19/2016,20.96
1/20/2016,20.48
1/21/2016,20.08
1/22/2016,23.78
1/23/2016,38.88
1/24/2016,40.51
1/25/2016,25.35
1/26/2016,78.96
1/27/2016,94.17
1/28/2016,68.36
1/29/2016,49.37
1/30/2016,40.87
1/31/2016,41.52
2/1/2016,32.45
2/2/2016,32.72
2/3/2016,23.28
2/4/2016,29.09
2/5/2016,33.53
2/6/2016,34.07
2/7/2016,36.33
2/8/2016,23.23
2/9/2016,25.18
2/10/2016,34.51
2/11/2016,30.88
2/12/2016,17.84
2/13/2016,27.61
2/14/2016,20.48
2/15/2016,22.61
2/16/2016,31.19
2/17/2016,18.63
2/18/2016,31.85
2/19/2016,31.53
2/20/2016,24.77
2/21/2016,33.42
2/22/2016,27.08
2/23/2016,25.46
2/24/2016,32.35
2/25/2016,55.51
2/26/2016,30.15
2/27/2016,36.22
2/28/2016,27.47
2/29/2016,45.29
3/1/2016,15.78
3/2/2016,15.83
3/3/2016,25.9
3/4/2016,21.62
3/5/2016,22.2
3/6/2016,32.09
3/7/2016,26.18
3/8/2016,25.68
3/9/2016,21.04
3/10/2016,14.63
3/11/2016,15.63
3/12/2016,15.37
3/13/2016,12.63
3/14/2016,12.56
3/15/2016,13.77
3/16/2016,15.36
3/17/2016,12.82
3/18/2016,22.4
3/19/2016,21.65
3/20/2016,14.6
3/21/2016,11.3
3/22/2016,13.7
3/23/2016,12.8
3/24/2016,40.2
3/25/2016,47.3
3/26/2016,34.4
3/27/2016,23.4
3/28/2016,20.9
3/29/2016,19.72
3/30/2016,16.9
3/31/2016,18.7
4/1/2016,14.72
4/2/2016,17.12
4/3/2016,21.87
4/4/2016,21.87
4/5/2016,12.95
4/6/2016,22.8
4/7/2016,29.64
4/8/2016,14.6
4/9/2016,20.29
4/10/2016,20.66
4/11/2016,18.87
4/12/2016,20.48
4/13/2016,12.36
4/14/2016,11.47
4/15/2016,10.79
4/16/2016,18.7
4/17/2016,22.09
4/18/2016,16.77
4/19/2016,24.65
4/20/2016,76.28
4/21/2016,68.67
4/22/2016,384.64
4/23/2016,141.9
4/24/2016,78.17
4/25/2016,85.09
4/26/2016,45.18
4/27/2016,33.38
4/28/2016,27.3
4/29/2016,64.6
4/30/2016,43.02
5/1/2016,28.86
5/2/2016,30.17
5/3/2016,30.17
5/4/2016,21.03
5/5/2016,24.32
5/6/2016,21.78
5/7/2016,19.68
5/8/2016,22.15
5/9/2016,18.88
5/10/2016,18.88
5/11/2016,20.62
5/12/2016,22.82
5/13/2016,19.7
5/14/2016,20.5
5/15/2016,33.66
5/16/2016,14.88
5/17/2016,16.53
5/18/2016,19.81
5/19/2016,19.82
5/20/2016,12.83
5/21/2016,18.8
5/22/2016,46.12
5/23/2016,281.23
5/24/2016,138.68
5/25/2016,482.89
5/26/2016,254.8
5/27/2016,348.9
5/28/2016,168.17
5/29/2016,128.83
5/30/2016,211.09
5/31/2016,232.76
6/1/2016,250.12
6/2/2016,152.73
6/3/2016,150.34
6/4/2016,182.23
6/5/2016,316.21
6/6/2016,344.35
6/7/2016,190.82
6/8/2016,337.93
6/9/2016,286.95
6/10/2016,318.07
6/11/2016,200.52
6/12/2016,207.61
6/13/2016,194.16
6/14/2016,159.32
6/15/2016,146.76
6/16/2016,324.13
6/17/2016,258.61
6/18/2016,217.84
6/19/2016,204.22
6/20/2016,197.55
6/21/2016,258.41
6/22/2016,202.92
6/23/2016,142.06
6/24/2016,151.95
6/25/2016,217.93
6/26/2016,166.6
6/27/2016,118.3
6/28/2016,100.58
6/29/2016,70.75
6/30/2016,77.51
7/1/2016,419.61
7/2/2016,393.11
7/3/2016,602.12
7/4/2016,471.77
7/5/2016,293.81
7/6/2016,280.51
7/7/2016,224.62
7/8/2016,158.17
7/9/2016,132.13
7/10/2016,110.9
7/11/2016,106.8
7/12/2016,176.4
7/13/2016,157.3
7/14/2016,381.3
7/15/2016,267
7/16/2016,242.9
7/17/2016,195.7
7/18/2016,161.7
7/19/2016,227.2
7/20/2016,219.3
7/21/2016,251.9
7/22/2016,206.2
7/23/2016,107
7/24/2016,129.23
7/25/2016,105.6
7/26/2016,91.04
7/27/2016,82.03
7/28/2016,117.71
7/29/2016,458.93
7/30/2016,403.75
7/31/2016,185.2
8/1/2016,130.81
8/2/2016,117.54
8/3/2016,140.04
8/4/2016,486.55
8/5/2016,488.29
8/6/2016,262.81
8/7/2016,285.14
8/8/2016,247.31
8/9/2016,190.32
8/10/2016,226.43
8/11/2016,312.03
8/12/2016,244.28
8/13/2016,171.38
8/14/2016,477.01
8/15/2016,280.7
8/16/2016,212.13
8/17/2016,175.85
8/18/2016,148.09
8/19/2016,421.87
8/20/2016,840.63
8/21/2016,306.02
8/22/2016,240.2
8/23/2016,207.15
8/24/2016,262.79
8/25/2016,145.35
8/26/2016,117.65
8/27/2016,118.01
8/28/2016,112.08
8/29/2016,97.1
8/30/2016,89.43
8/31/2016,156.75
9/1/2016,148.95
9/2/2016,476.13
9/3/2016,239.57
9/4/2016,269.22
9/5/2016,195.25
9/6/2016,144.73
9/7/2016,156.84
9/8/2016,186.41
9/9/2016,562.64
9/10/2016,403.58
9/11/2016,260.89
9/12/2016,197.21
9/13/2016,173.58
9/14/2016,173.58
9/15/2016,129.34
9/16/2016,172.78
9/17/2016,177.83
9/18/2016,208.28
9/19/2016,133.29
9/20/2016,135.59
9/21/2016,95.2
9/22/2016,99.04
9/23/2016,86.93
9/24/2016,84.49
9/25/2016,83.13
9/26/2016,76.62
9/27/2016,77.06
9/28/2016,74.08
9/29/2016,63.93
9/30/2016,60.77
10/1/2016,59.94
10/2/2016,59.44
10/3/2016,53.67
10/4/2016,54.33
10/5/2016,52.41
10/6/2016,47.91
10/7/2016,47.27
10/8/2016,46.63
10/9/2016,42.78
10/10/2016,47.18
10/11/2016,42.25
10/12/2016,45.55
10/13/2016,45.53
10/14/2016,37.05
10/15/2016,40.31
10/16/2016,39.66
10/17/2016,35.08
10/18/2016,39.01
10/19/2016,38.36
10/20/2016,39.02
10/21/2016,28.35
10/22/2016,33.79
10/23/2016,27.91
10/24/2016,29.87
10/25/2016,40.34
10/26/2016,46.26
10/27/2016,32.5
10/28/2016,33.81
10/29/2016,28.6
10/30/2016,27.28
10/31/2016,28.3
11/1/2016,22.31
11/2/2016,31.64
11/3/2016,26.25
11/4/2016,28.22
11/5/2016,25.65
11/6/2016,26.99
11/7/2016,26.99
11/8/2016,44
11/9/2016,171.66
11/10/2016,196.34
11/11/2016,88.5
11/12/2016,84.38
11/13/2016,69.62
11/14/2016,45.52
11/15/2016,46.15
11/16/2016,32.74
11/17/2016,33.64
11/18/2016,35.01
11/19/2016,31.61
11/20/2016,24.15
11/21/2016,26.87
11/22/2016,26.82
11/23/2016,24.5
11/24/2016,24.75
11/25/2016,21.31
11/26/2016,22.8
11/27/2016,20.09
11/28/2016,19.41
11/29/2016,19.84
11/30/2016,19.84
12/1/2016,22.14
12/2/2016,20.79
12/3/2016,18.07
12/4/2016,17.44
12/5/2016,18.07
12/6/2016,18.79
12/7/2016,15.39
12/8/2016,18.76
12/9/2016,16.72
12/10/2016,18.83
12/11/2016,14.12
12/12/2016,20.4
12/13/2016,19.04
12/14/2016,14.22
12/15/2016,13.53
12/16/2016,11.41
12/17/2016,14.22
12/18/2016,14.27
12/19/2016,17.03
12/20/2016,18.39
12/21/2016,14.92
12/22/2016,21.16
12/23/2016,19.77
12/24/2016,10.38
12/25/2016,14.2
12/26/2016,15.2
12/27/2016,13.13
12/28/2016,14.27
12/29/2016,11.5
12/30/2016,11.5
12/31/2016,10.78
1/1/2017,12.08
1/2/2017,19.69
1/3/2017,18.31
1/4/2017,20.19
1/5/2017,34.2
1/6/2017,40.39
1/7/2017,29.88
1/8/2017,22.29
1/9/2017,21.93
1/10/2017,62.15
1/11/2017,96.63
1/12/2017,187.35
1/13/2017,174.7
1/14/2017,62.65
1/15/2017,36.8
1/16/2017,41.04
1/17/2017,29.55
1/18/2017,24.53
1/19/2017,25.37
1/20/2017,22.3
1/21/2017,18.23
1/22/2017,18.3
1/23/2017,19.8
1/24/2017,19.03
1/25/2017,18.42
1/26/2017,19.11
1/27/2017,14.3
1/28/2017,14.3
1/29/2017,19.15
1/30/2017,19.15
1/31/2017,18.46
2/1/2017,18.68
2/2/2017,13.38
2/3/2017,27.75
2/4/2017,50.49
2/5/2017,20.76
2/6/2017,26.17
2/7/2017,23.17
2/8/2017,17.8
2/9/2017,16.43
2/10/2017,18.31
2/11/2017,10.1
2/12/2017,17.54
2/13/2017,17.24
2/14/2017,12.33
2/15/2017,14.73
2/16/2017,17.56
2/17/2017,14.98
2/18/2017,19.12
2/19/2017,17.78
2/20/2017,15.75
2/21/2017,11.85
2/22/2017,11.88
2/23/2017,18.2
2/24/2017,15.75
2/25/2017,13.06
2/26/2017,8.86
2/27/2017,14.5
2/28/2017,22.74
3/1/2017,19.95
3/2/2017,21.03
3/3/2017,20.23
3/4/2017,15.58
3/5/2017,12.06
3/6/2017,17.67
3/7/2017,18.42
3/8/2017,17.57
3/9/2017,48.23
3/10/2017,45.12
3/11/2017,33.68
3/12/2017,12.52
3/13/2017,24.36
3/14/2017,15.77
3/15/2017,11.84
3/16/2017,13.97
3/17/2017,17.67
3/18/2017,23.29
3/19/2017,69.01
3/20/2017,19.69
3/21/2017,11.17
3/22/2017,34.86
3/23/2017,12.25
3/24/2017,20.66
3/25/2017,26.13
3/26/2017,63.85
3/27/2017,56.75
3/28/2017,55.03
3/29/2017,67.24
3/30/2017,64.87
3/31/2017,192.37
4/1/2017,83.53
4/2/2017,49.56
4/3/2017,44.05
4/4/2017,47.97
4/5/2017,29.49
4/6/2017,39.2
4/7/2017,26.95
4/8/2017,22.24
4/9/2017,16.83
4/10/2017,31.09
4/11/2017,20.44
4/12/2017,20.1
4/13/2017,27
4/14/2017,26.43
4/15/2017,19.81
4/16/2017,23.27
4/17/2017,13.38
4/18/2017,83.14
4/19/2017,81.19
4/20/2017,38.78
4/21/2017,24.77
4/22/2017,51.77
4/23/2017,67.35
4/24/2017,76.72
4/25/2017,64.27
4/26/2017,66.9
4/27/2017,73.22
4/28/2017,64.23
4/29/2017,48.09
4/30/2017,41.64
5/1/2017,34.71
5/2/2017,28.05
5/3/2017,24.36
5/4/2017,22.54
5/5/2017,21.93
5/6/2017,50.51
5/7/2017,30.85
5/8/2017,39.19
5/9/2017,27.1
5/10/2017,20.94
5/11/2017,27.87
5/12/2017,17.44
5/13/2017,26.43
5/14/2017,19.37
5/15/2017,83.12
5/16/2017,37.85
5/17/2017,26.81
5/18/2017,71.33
5/19/2017,100.89
5/20/2017,68.27
5/21/2017,53.9
5/22/2017,57.07
5/23/2017,41.07
5/24/2017,241.57
5/25/2017,153.09
5/26/2017,77.46
5/27/2017,52.75
5/28/2017,41.58
5/29/2017,36.53
5/30/2017,38.32
5/31/2017,37.49
6/1/2017,33.06
6/2/2017,22.92
6/3/2017,27.84
6/4/2017,37.09
6/5/2017,29.31
6/6/2017,37.76
6/7/2017,34.65
6/8/2017,35.17
6/9/2017,26.54
6/10/2017,60.88
6/11/2017,89.05
6/12/2017,153.74
6/13/2017,298.05
6/14/2017,290.54
6/15/2017,212.07
6/16/2017,263.02
6/17/2017,197.79
6/18/2017,646.56
6/19/2017,704.18
6/20/2017,524.97
6/21/2017,407.32
6/22/2017,273.44
6/23/2017,201.19
6/24/2017,147.38
6/25/2017,221.93
6/26/2017,545.64
6/27/2017,314.64
6/28/2017,703.54
6/29/2017,644.21
6/30/2017,610.11
7/1/2017,805.77
7/2/2017,917.32
7/3/2017,"1,919.81"
7/4/2017,"1,389.46"
7/5/2017,766.72
7/6/2017,773.74
7/7/2017,847.45
7/8/2017,834.4
7/9/2017,982.85
7/10/2017,824.43
7/11/2017,442.24
7/12/2017,415.97
7/13/2017,313.66
7/14/2017,890.98
7/15/2017,348.74
7/16/2017,243.4
7/17/2017,421.24
7/18/2017,359.43
7/19/2017,418.19
7/20/2017,313.37
7/21/2017,377.96
7/22/2017,311.11
7/23/2017,209.24
7/24/2017,188.1
7/25/2017,181.51
7/26/2017,165.66
7/27/2017,126.82
7/28/2017,117.27
7/29/2017,102.38
7/30/2017,96.95
7/31/2017,185.55
8/1/2017,126.99
8/2/2017,467.5
8/3/2017,348.99
8/4/2017,279.51
8/5/2017,316.2
8/6/2017,303.3
8/7/2017,255.66
8/8/2017,252.76
8/9/2017,300.47
8/10/2017,359.07
8/11/2017,298
8/12/2017,323.54
8/13/2017,244.2
8/14/2017,266.86
8/15/2017,606.41
8/16/2017,496.25
8/17/2017,759.28
8/18/2017,418.36
8/19/2017,300.7
8/20/2017,233.55
8/21/2017,232.53
8/22/2017,174.64
8/23/2017,193.89
8/24/2017,423.38
8/25/2017,473.02
8/26/2017,303.96
8/27/2017,206.94
8/28/2017,215.57
8/29/2017,316.29
8/30/2017,262.02
8/31/2017,322.32
9/1/2017,320.52
9/2/2017,289.15
9/3/2017,308.28
9/4/2017,269.7
9/5/2017,385.81
9/6/2017,448.75
9/7/2017,339.76
9/8/2017,425.91
9/9/2017,345
9/10/2017,363.57
9/11/2017,310.4
9/12/2017,251.06
9/13/2017,275.58
9/14/2017,242.87
9/15/2017,174.49
9/16/2017,260.34
9/17/2017,191.16
9/18/2017,160.91
9/19/2017,138.5
9/20/2017,132.33
9/21/2017,156.93
9/22/2017,175.72
9/23/2017,114.77
9/24/2017,107.3
9/25/2017,96.27
9/26/2017,128.64
9/27/2017,104.92
9/28/2017,111.36
9/29/2017,80.57
9/30/2017,84.21
10/1/2017,89.1
10/2/2017,191.99
10/3/2017,122.08
10/4/2017,90.5
10/5/2017,81.4
10/6/2017,76.97
10/7/2017,84.49
10/8/2017,72.53
10/9/2017,77.54
10/10/2017,145.64
10/11/2017,357.93
10/12/2017,145.09
10/13/2017,116.46
10/14/2017,97.65
10/15/2017,61.89
10/16/2017,87.01
10/17/2017,77.31
10/18/2017,70.78
10/19/2017,58.33
10/20/2017,59.52
10/21/2017,62.86
10/22/2017,165.61
10/23/2017,155.42
10/24/2017,123.93
10/25/2017,113.71
10/26/2017,89.17
10/27/2017,87.58
10/28/2017,78.32
10/29/2017,66.28
10/30/2017,61.26
10/31/2017,57.32
11/1/2017,55.45
11/2/2017,48.99
11/3/2017,47.48
11/4/2017,40.33
11/5/2017,39.02
11/6/2017,42.83
11/7/2017,42.11
11/8/2017,35.93
11/9/2017,51.93
11/10/2017,62.85
11/11/2017,45.68
11/12/2017,38.81
11/13/2017,40.13
11/14/2017,39.92
11/15/2017,33.78
11/16/2017,34.12
11/17/2017,32.96
11/18/2017,32.01
11/19/2017,36.72
11/20/2017,32.04
11/21/2017,30.36
11/22/2017,32.39
11/23/2017,96.36
11/24/2017,220.39
11/25/2017,178.29
11/26/2017,91.9
11/27/2017,76.4
11/28/2017,50.88
11/29/2017,50.45
11/30/2017,46.98
12/1/2017,49.5
12/2/2017,37.56
12/3/2017,37.83
12/4/2017,40.72
12/5/2017,36.03
12/6/2017,41.39
12/7/2017,36.37
12/8/2017,32.53
12/9/2017,38.48
12/10/2017,24.65
12/11/2017,21.17
12/12/2017,27.41
12/13/2017,40.56
12/14/2017,32.95
12/15/2017,28.8
12/16/2017,29.91
12/17/2017,20.32
12/18/2017,21.89
12/19/2017,26.52
12/20/2017,26.05
12/21/2017,22.59
12/22/2017,17.98
12/23/2017,12.78
12/24/2017,27.21
12/25/2017,27.21
12/26/2017,23.92
12/27/2017,48.76
12/28/2017,53.41
12/29/2017,35.03
12/30/2017,28.09
12/31/2017,30.16
1/1/2018,34.33
1/2/2018,34.32
1/3/2018,32.94
1/4/2018,39.92
1/5/2018,34.81
1/6/2018,115.05
1/7/2018,138.42
1/8/2018,265.34
1/9/2018,209.88
1/10/2018,92.89
1/11/2018,73.36
1/12/2018,58.46
1/13/2018,55.53
1/14/2018,108.33
1/15/2018,42.04
1/16/2018,46.06
1/17/2018,38.04
1/18/2018,40.25
1/19/2018,40.01
1/20/2018,33.03
1/21/2018,33.65
1/22/2018,32.25
1/23/2018,40.5
1/24/2018,23.79
1/25/2018,23.79
1/26/2018,26.19
1/27/2018,46.8
1/28/2018,27.6
1/29/2018,27.7
1/30/2018,27.98
1/31/2018,21.05
2/1/2018,22.69
2/2/2018,29.41
2/3/2018,23.46
2/4/2018,23.8
2/5/2018,20.97
2/6/2018,32.06
2/7/2018,26.9
2/8/2018,27.05
2/9/2018,29.03
2/10/2018,28.19
2/11/2018,22.7
2/12/2018,29.21
2/13/2018,27.11
2/14/2018,21
2/15/2018,28.69
2/16/2018,22.63
2/17/2018,21.12
2/18/2018,21.98
2/19/2018,20.25
2/20/2018,19
2/21/2018,15.67
2/22/2018,19.3
2/23/2018,22.74
2/24/2018,30.63
2/25/2018,24.64
2/26/2018,24.05
2/27/2018,22.57
2/28/2018,28.41
3/1/2018,19.08
3/2/2018,24.76
3/3/2018,15.1
3/4/2018,14.33
3/5/2018,17
3/6/2018,18.57
3/7/2018,15.02
3/8/2018,11.33
3/9/2018,17.09
3/10/2018,20.23
3/11/2018,14.5
3/12/2018,16.71
3/13/2018,36.72
3/14/2018,35.98
3/15/2018,21.95
3/16/2018,22.03
3/17/2018,22.03
3/18/2018,34.95
3/19/2018,25.26
3/20/2018,22.05
3/21/2018,20.75
3/22/2018,21.53
3/23/2018,34.5
3/24/2018,47.65
3/25/2018,39.86
3/26/2018,20.26
3/27/2018,15.03
3/28/2018,41.49
3/29/2018,39.01
3/30/2018,40.21
3/31/2018,27.49
4/1/2018,25.04
4/2/2018,46.23
4/3/2018,24.59
4/4/2018,41.63
4/5/2018,56.83
4/6/2018,34.02
4/7/2018,22.3
4/8/2018,22.2
4/9/2018,22.83
4/10/2018,19.44
4/11/2018,12.69
4/12/2018,16.72
4/13/2018,16.72
4/14/2018,12.73
4/15/2018,17.9
4/16/2018,48.68
4/17/2018,33.37
4/18/2018,30.57
4/19/2018,36.71
4/20/2018,49.08
4/21/2018,37.68
4/22/2018,38.12
4/23/2018,24.1
4/24/2018,17.41
4/25/2018,28.89
4/26/2018,44.55
4/27/2018,222.48
4/28/2018,21.93
4/29/2018,72.26
4/30/2018,62.87
5/1/2018,42.81
5/2/2018,55.54
5/3/2018,93.36
5/4/2018,199.11
5/5/2018,344.32
5/6/2018,259.56
5/7/2018,149.74
5/8/2018,84.46
5/9/2018,67.86
5/10/2018,85.87
5/11/2018,77.32
5/12/2018,190.12
5/13/2018,120.02
5/14/2018,82.21
5/15/2018,64.17
5/16/2018,72.67
5/17/2018,42.58
5/18/2018,32.72
5/19/2018,45.38
5/20/2018,34.8
5/21/2018,41.09
5/22/2018,37.85
5/23/2018,41.93
5/24/2018,37.69
5/25/2018,46.16
5/26/2018,56.14
5/27/2018,100.47
5/28/2018,230.31
5/29/2018,210.31
5/30/2018,130.5
5/31/2018,212.83
6/1/2018,134.59
6/2/2018,150.94
6/3/2018,102.02
6/4/2018,241.13
6/5/2018,137.29
6/6/2018,94.36
6/7/2018,83.91
6/8/2018,61.26
6/9/2018,183.55
6/10/2018,295.16
6/11/2018,401.13
6/12/2018,403.24
6/13/2018,320.16
6/14/2018,402.17
6/15/2018,611.24
6/16/2018,511.4
6/17/2018,336.25
6/18/2018,280.65
6/19/2018,284.21
6/20/2018,191.71
6/21/2018,261.71
6/22/2018,231.56
6/23/2018,341.41
6/24/2018,"3,355.89"
6/25/2018,"2,002.56"
6/26/2018,"1,096.74"
6/27/2018,823.71
6/28/2018,629.68
6/29/2018,516.08
6/30/2018,457.93
7/1/2018,535.78
7/2/2018,395.26
7/3/2018,446.96
7/4/2018,346.1
7/5/2018,251.91
7/6/2018,256.04
7/7/2018,428.82
7/8/2018,447.72
7/9/2018,499.91
7/10/2018,280.91
7/11/2018,232.69
7/12/2018,175.74
7/13/2018,148.6
7/14/2018,125.99
7/15/2018,133.28
7/16/2018,138.67
7/17/2018,138.67
7/18/2018,129.43
7/19/2018,262.61
7/20/2018,441.71
7/21/2018,320.3
7/22/2018,189.17
7/23/2018,151.22
7/24/2018,139.64
7/25/2018,191.64
7/26/2018,290.47
7/27/2018,164.96
7/28/2018,132.43
7/29/2018,128.13
7/30/2018,154.58
7/31/2018,312.52
8/1/2018,383.99
8/2/2018,512.56
8/3/2018,700.97
8/4/2018,926.41
8/5/2018,512.5
8/6/2018,414.82
8/7/2018,406.47
8/8/2018,324.3
8/9/2018,300.6
8/10/2018,206.26
8/11/2018,214.42
8/12/2018,269.1
8/13/2018,163.79
8/14/2018,176.81
8/15/2018,152.67
8/16/2018,192.29
8/17/2018,289.8
8/18/2018,167.54
8/19/2018,145.33
8/20/2018,156.14
8/21/2018,144.26
8/22/2018,156.14
8/23/2018,169.9
8/24/2018,171.44
8/25/2018,143.37
8/26/2018,111.2
8/27/2018,102.24
8/28/2018,142.55
8/29/2018,164.38
8/30/2018,217.72
8/31/2018,571.88
9/1/2018,425.44
9/2/2018,"1,079.71"
9/3/2018,972.82
9/4/2018,463.66
9/5/2018,387.59
9/6/2018,283.6
9/7/2018,283.6
9/8/2018,194.53
9/9/2018,168.38
9/10/2018,153.61
9/11/2018,151.22
9/12/2018,147.86
9/13/2018,126.2
9/14/2018,126.2
9/15/2018,111.83
9/16/2018,95.21
9/17/2018,91.12
9/18/2018,99.6
9/19/2018,97.86
9/20/2018,82.26
9/21/2018,80.98
9/22/2018,75.55
9/23/2018,75.67
9/24/2018,74.74
9/25/2018,69.54
9/26/2018,69.39
9/27/2018,68.02
9/28/2018,186.81
9/29/2018,87.74
9/30/2018,64.91
10/1/2018,62.51
10/2/2018,52
10/3/2018,54.2
10/4/2018,52.44
10/5/2018,48.05
10/6/2018,48.68
10/7/2018,46.8
10/8/2018,50.12
10/9/2018,43.73
10/10/2018,78.01
10/11/2018,60.95
10/12/2018,51.05
10/13/2018,51.42
10/14/2018,75.87
10/15/2018,64.65
10/16/2018,90.03
10/17/2018,137.1
10/18/2018,70.88
10/19/2018,58.15
10/20/2018,52
10/21/2018,48.66
10/22/2018,93.39
10/23/2018,127.61
10/24/2018,311.93
10/25/2018,170.2
10/26/2018,116.93
10/27/2018,136.29
10/28/2018,136.62
10/29/2018,86.53
10/30/2018,81.49
10/31/2018,65.91
11/1/2018,54.85
11/2/2018,55.01
11/3/2018,51.34
11/4/2018,47.69
11/5/2018,48.08
11/6/2018,46.27
11/7/2018,39.83
11/8/2018,36.54
11/9/2018,40.78
11/10/2018,40.66
11/11/2018,41.64
11/12/2018,38.47
11/13/2018,38
11/14/2018,53.07
11/15/2018,57.48
11/16/2018,40.88
11/17/2018,47.67
11/18/2018,76.19
11/19/2018,57.43
11/20/2018,48.88
11/21/2018,43.18
11/22/2018,38.37
11/23/2018,37.18
11/24/2018,34.72
11/25/2018,30.27
11/26/2018,31.98
11/27/2018,28.1
11/28/2018,30.71
11/29/2018,26.6
11/30/2018,28.01
12/1/2018,23.98
12/2/2018,26.88
12/3/2018,22.51
12/4/2018,25.83
12/5/2018,23.48
12/6/2018,27.86
12/7/2018,24.84
12/8/2018,27.07
12/9/2018,33.11
12/10/2018,55.32
12/11/2018,57.07
12/12/2018,42.67
12/13/2018,51.76
12/14/2018,34.09
12/15/2018,32.66
12/16/2018,37.38
12/17/2018,27.95
12/18/2018,28.07
12/19/2018,27.64
12/20/2018,26.55
12/21/2018,28.46
12/22/2018,17.9
12/23/2018,28.48
12/24/2018,21.35
12/25/2018,26.22
12/26/2018,25.28
12/27/2018,20.38
12/28/2018,20.12
12/29/2018,19.07
12/30/2018,39.83
12/31/2018,44.62
1/1/2019,29.64
1/2/2019,24.53
1/3/2019,29.46
1/4/2019,22.55
1/5/2019,24.16
1/6/2019,21.16
1/7/2019,35.01
1/8/2019,146.17
1/9/2019,367.48
1/10/2019,246.58
1/11/2019,110.23
1/12/2019,70.49
1/13/2019,57.28
1/14/2019,43.07
1/15/2019,45.52
1/16/2019,111.05
1/17/2019,62.14
1/18/2019,49.51
1/19/2019,47.58
1/20/2019,47.4
1/21/2019,41.34
1/22/2019,41.71
1/23/2019,30.62
1/24/2019,39.39
1/25/2019,31.66
1/26/2019,30.69
1/27/2019,28.74
1/28/2019,28.75
1/29/2019,28.77
1/30/2019,25.09
1/31/2019,29.15
2/1/2019,26.36
2/2/2019,25.04
2/3/2019,23.21
2/4/2019,24.4
2/5/2019,21.39
2/6/2019,23.04
2/7/2019,17.34
2/8/2019,20.64
2/9/2019,20.45
2/10/2019,19.35
2/11/2019,17.58
2/12/2019,20.81
2/13/2019,20.45
2/14/2019,19.01
2/15/2019,18.86
2/16/2019,22.55
2/17/2019,32.9
2/18/2019,34.93
2/19/2019,23.91
2/20/2019,25.38
2/21/2019,33.63
2/22/2019,20.67
2/23/2019,20.43
2/24/2019,19.3
2/25/2019,16.06
2/26/2019,23.13
2/27/2019,12.42
2/28/2019,20.54
3/1/2019,18.47
3/2/2019,16.16
3/3/2019,18.37
3/4/2019,16.06
3/5/2019,23.9
3/6/2019,21.71
3/7/2019,19.19
3/8/2019,19.01
3/9/2019,27.4
3/10/2019,17.83
3/11/2019,19
3/12/2019,14.33
3/13/2019,12.06
3/14/2019,15.48
3/15/2019,15.33
3/16/2019,14.5
3/17/2019,10.07
3/18/2019,18.24
3/19/2019,17.5
3/20/2019,16.57
3/21/2019,13.66
3/22/2019,15.41
3/23/2019,15.18
3/24/2019,10.57
3/25/2019,16.77
3/26/2019,11.7
3/27/2019,18.55
3/28/2019,18.48
3/29/2019,17.68
3/30/2019,17.49
3/31/2019,14.99
4/1/2019,12.06
4/2/2019,14.64
4/3/2019,60.15
4/4/2019,59.2
4/5/2019,22.6
4/6/2019,16.24
4/7/2019,15.62
4/8/2019,39.21
4/9/2019,21.32
4/10/2019,17.45
4/11/2019,11.97
4/12/2019,11.67
4/13/2019,10.01
4/14/2019,14.63
4/15/2019,11.22
4/16/2019,12.17
4/17/2019,12.71
4/18/2019,10.46
4/19/2019,12.3
4/20/2019,4.75
4/21/2019,7.96
4/22/2019,10.33
4/23/2019,11.2
4/24/2019,7.9
4/25/2019,10.2
4/26/2019,5.71
4/27/2019,6.92
4/28/2019,22.67
4/29/2019,24.6
4/30/2019,9.75
5/1/2019,41.77
5/2/2019,16.74
5/3/2019,12.37
5/4/2019,24.51
5/5/2019,11.99
5/6/2019,10.2
5/7/2019,14.29
5/8/2019,13.79
5/9/2019,13.82
5/10/2019,13.35
5/11/2019,10.61
5/12/2019,119.95
5/13/2019,87.82
5/14/2019,166.9
5/15/2019,51.73
5/16/2019,25.68
5/17/2019,25.91
5/18/2019,18.82
5/19/2019,12.5
5/20/2019,12.71
5/21/2019,9.12
5/22/2019,176.03
5/23/2019,41.65
5/24/2019,176.34
5/25/2019,74.38
5/26/2019,40.47
5/27/2019,39.65
5/28/2019,152.36
5/29/2019,460.08
5/30/2019,273.78
5/31/2019,416.92
6/1/2019,691.05
6/2/2019,413.84
6/3/2019,235.42
6/4/2019,373.3
6/5/2019,405.22
6/6/2019,254.1
6/7/2019,196.64
6/8/2019,721.06
6/9/2019,288.8
6/10/2019,201.52
6/11/2019,427.96
6/12/2019,247.47
6/13/2019,174.19
6/14/2019,181.04
6/15/2019,210.54
6/16/2019,150.77
6/17/2019,175.75
6/18/2019,251.9
6/19/2019,260.15
6/20/2019,167.56
6/21/2019,130.15
6/22/2019,103.39
6/23/2019,89.06
6/24/2019,809.62
6/25/2019,381.45
6/26/2019,361.13
6/27/2019,270.46
6/28/2019,246.6
6/29/2019,212.88
6/30/2019,382.33
7/1/2019,323.78
7/2/2019,202.81
7/3/2019,172.98
7/4/2019,259.55
7/5/2019,480.27
7/6/2019,381.04
7/7/2019,337.37
7/8/2019,250.75
7/9/2019,227.78
7/10/2019,777.5
7/11/2019,722.22
7/12/2019,496.28
7/13/2019,342.36
7/14/2019,469.42
7/15/2019,469.42
7/16/2019,456.29
7/17/2019,290.26
7/18/2019,221.36
7/19/2019,188.28
7/20/2019,522.04
7/21/2019,292.36
7/22/2019,239.2
7/23/2019,774.12
7/24/2019,151.69
7/25/2019,490.1
7/26/2019,510.61
7/27/2019,368.15
7/28/2019,279.35
7/29/2019,254.39
7/30/2019,241.45
7/31/2019,206.74
8/1/2019,165.42
8/2/2019,167.91
8/3/2019,190.32
8/4/2019,462.96
8/5/2019,354.94
8/6/2019,251.39
8/7/2019,313.68
8/8/2019,330.76
8/9/2019,225.03
8/10/2019,174.28
8/11/2019,157.04
8/12/2019,160.97
8/13/2019,133.59
8/14/2019,112.21
8/15/2019,129.39
8/16/2019,168.92
8/17/2019,116.3
8/18/2019,109.27
8/19/2019,140.28
8/20/2019,137.14
8/21/2019,96.27
8/22/2019,87.27
8/23/2019,79.93
8/24/2019,77.78
8/25/2019,70.44
8/26/2019,67.79
8/27/2019,88.28
8/28/2019,74.01
8/29/2019,64.6
8/30/2019,258.9
8/31/2019,545.25
9/1/2019,218.64
9/2/2019,183.85
9/3/2019,159
9/4/2019,129.5
9/5/2019,858.95
9/6/2019,104.2
9/7/2019,104.2
9/8/2019,58.42
9/9/2019,96.95
9/10/2019,105.4
9/11/2019,323.56
9/12/2019,302.47
9/13/2019,184.1
9/14/2019,93.5
9/15/2019,104.19
9/16/2019,78.4
9/17/2019,74.6
9/18/2019,97.5
9/19/2019,93.5
9/20/2019,108.6
9/21/2019,78.4
9/22/2019,58.48
9/23/2019,58.63
9/24/2019,55.03
9/25/2019,49
9/26/2019,64.5
9/27/2019,49.1
9/28/2019,64.5
9/29/2019,38.83
9/30/2019,42.91
10/1/2019,18.3
10/2/2019,75.32
10/3/2019,56.8
10/4/2019,100.37
10/5/2019,56.8
10/6/2019,59.37
10/7/2019,49.1
10/8/2019,45.25
10/9/2019,49.1
10/10/2019,47.19
10/11/2019,60.21
10/12/2019,76.11
10/13/2019,83.75
10/14/2019,105.92
10/15/2019,50
10/16/2019,50
10/17/2019,20
10/18/2019,85.15
10/19/2019,59.42
10/20/2019,57.8
10/21/2019,61.75
10/22/2019,34.3
10/23/2019,50
10/24/2019,50.1
10/25/2019,33
10/26/2019,32.5
10/27/2019,39.05
10/28/2019,31.13
10/29/2019,43.03
10/30/2019,37.4
10/31/2019,45.4
11/1/2019,10.45
11/2/2019,17.45
11/3/2019,17.9
11/4/2019,17.9
11/5/2019,17.9
11/6/2019,17.9
11/7/2019,17.9
11/8/2019,17.9
11/9/2019,10.4
11/10/2019,25.5
11/11/2019,17.9
11/12/2019,17.9
11/13/2019,17.9
11/14/2019,17.9
11/15/2019,17.9
11/16/2019,25.45
11/17/2019,33
11/18/2019,17.9
11/19/2019,17.9
11/20/2019,16.96
11/21/2019,17.9
11/22/2019,20.42
11/23/2019,10.3
11/24/2019,20.34
11/25/2019,17.9
11/26/2019,17.9
11/27/2019,17.9
11/28/2019,17.9
11/29/2019,17.9
11/30/2019,17.9
12/1/2019,17.9
12/2/2019,16.88
12/3/2019,17.9
12/4/2019,17.9
12/5/2019,12.2
12/6/2019,10.3
12/7/2019,10.3
12/8/2019,10.3
12/9/2019,10
12/10/2019,2.8
12/11/2019,14.66
12/12/2019,10.3
12/13/2019,10.3
12/14/2019,7.8
12/15/2019,8.7
12/16/2019,17.9
12/17/2019,15.09
12/18/2019,16.24
12/19/2019,17.6
12/20/2019,10.15
12/21/2019,10.1
12/22/2019,16.1
12/23/2019,17.5
12/24/2019,10
12/25/2019,10
12/26/2019,14.5
12/27/2019,9.1
12/28/2019,10.1
12/29/2019,68.03
12/30/2019,45.25
12/31/2019,17.5
1/1/2020,17.5
1/2/2020,17.5
1/3/2020,17.5
1/4/2020,17.5
1/5/2020,17.5
1/6/2020,17.5
1/7/2020,15.71
1/8/2020,17.5
1/9/2020,23.05
1/10/2020,16.16
1/11/2020,9.4
1/12/2020,17.5
1/13/2020,11.6
1/14/2020,6.14
1/15/2020,15.65
1/16/2020,7.5
1/17/2020,10.1
1/18/2020,10.1
1/19/2020,11.95
1/20/2020,11.38
1/21/2020,13.24
1/22/2020,10.1
1/23/2020,12.1
1/24/2020,17.5
1/25/2020,15
1/26/2020,17.5
1/27/2020,6.4
1/28/2020,10.1
1/29/2020,6.4
1/30/2020,7.4
1/31/2020,10.1
2/1/2020,16.93
2/2/2020,14.46
2/3/2020,17.5
2/4/2020,18.52
2/5/2020,25
2/6/2020,21.3
2/7/2020,17.5
2/8/2020,17.04
2/9/2020,7.18
2/10/2020,17.5
2/11/2020,37.98
2/12/2020,21.2
2/13/2020,15.2
2/14/2020,12
2/15/2020,17.1
2/16/2020,17.1
2/17/2020,12.69
2/18/2020,17.1
2/19/2020,9
2/20/2020,7.8
2/21/2020,7.1
2/22/2020,15.95
2/23/2020,14.3
2/24/2020,17.18
2/25/2020,9.12
2/26/2020,9.4
2/27/2020,12
2/28/2020,8.03
2/29/2020,13.2
3/1/2020,12
3/2/2020,32.95
3/3/2020,16
3/4/2020,28.41
3/5/2020,15.7
3/6/2020,14.05
3/7/2020,23.52
3/8/2020,13.7
3/9/2020,9.18
3/10/2020,16.7
3/11/2020,15.93
3/12/2020,14.96
3/13/2020,10.4
3/14/2020,11.8
3/15/2020,8.6
3/16/2020,7.42
3/17/2020,9.78
3/18/2020,8.53
3/19/2020,14.6
3/20/2020,7
3/21/2020,38.43
3/22/2020,27
3/23/2020,35.87
3/24/2020,10.96
3/25/2020,13.63
3/26/2020,51.9
3/27/2020,30.95
3/28/2020,15.52
3/29/2020,14
3/30/2020,14
3/31/2020,7
4/1/2020,8
4/2/2020,13.9
4/3/2020,8
4/4/2020,15.75
4/5/2020,13.9
4/6/2020,84.01
4/7/2020,36.1
4/8/2020,13.9
4/9/2020,16.24
4/10/2020,25.9
4/11/2020,13.9
4/12/2020,25
4/13/2020,64.75
4/14/2020,63.57
4/15/2020,49.8
4/16/2020,22.93
4/17/2020,26.37
4/18/2020,53.25
4/19/2020,37.8
4/20/2020,24.19
4/21/2020,19.9
4/22/2020,51.26
4/23/2020,270.25
4/24/2020,365.85
4/25/2020,177.86
4/26/2020,157.75
4/27/2020,126.3
4/28/2020,75
4/29/2020,40.46
4/30/2020,40.8
5/1/2020,39.5
5/2/2020,42.6
5/3/2020,39.5
5/4/2020,23.9
5/5/2020,26.58
5/6/2020,22.15
5/7/2020,14.43
5/8/2020,15.05
5/9/2020,36.6
5/10/2020,31.5
5/11/2020,32.22
5/12/2020,44.46
5/13/2020,34.25
5/14/2020,56.6
5/15/2020,31.8
5/16/2020,35.38
5/17/2020,18.62
5/18/2020,20.03
5/19/2020,27.28
5/20/2020,38.49
5/21/2020,25.1
5/22/2020,15.95
5/23/2020,23.5
5/24/2020,37.78
5/25/2020,17.05
5/26/2020,20
5/27/2020,59.7
5/28/2020,90.4
5/29/2020,73.05
5/30/2020,51.06
5/31/2020,99.95
6/1/2020,199.9
6/2/2020,49.9
6/3/2020,58.6
6/4/2020,40.1
6/5/2020,33
6/6/2020,64.9
6/7/2020,352.41
6/8/2020,200.08
6/9/2020,148.78
6/10/2020,98.7
6/11/2020,238.15
6/12/2020,221.2
6/13/2020,129.4
6/14/2020,301.6
6/15/2020,152.69
6/16/2020,236.99
6/17/2020,246.38
6/18/2020,236.55
6/19/2020,307.2
6/20/2020,185.1
6/21/2020,176.99
6/22/2020,154.3
6/23/2020,132.54
6/24/2020,183.23
6/25/2020,134.8
6/26/2020,343.65
6/27/2020,445.6
6/28/2020,242.65
6/29/2020,174.66
6/30/2020,170.8
7/1/2020,355
7/2/2020,210.3
7/3/2020,236.6
7/4/2020,306.4
7/5/2020,262.2
7/6/2020,296.6
7/7/2020,264
7/8/2020,242.6
7/9/2020,203.25
7/10/2020,171.5
7/11/2020,"1,326.40"
7/12/2020,"2,753.30"
7/13/2020,"1,109.42"
7/14/2020,714.5
7/15/2020,336.28
7/16/2020,266.72
7/17/2020,221.23
7/18/2020,176.4
7/19/2020,198.95
7/20/2020,278.4
7/21/2020,260.15
7/22/2020,193.6
7/23/2020,164.5
7/24/2020,208.6
7/25/2020,184.4
7/26/2020,162.1
7/27/2020,140.82
7/28/2020,206
7/29/2020,117
7/30/2020,179.6
7/31/2020,179.95
8/1/2020,166.9
8/2/2020,187
8/3/2020,246
8/4/2020,180.15
8/5/2020,283.75
8/6/2020,443.78
8/7/2020,352.42
8/8/2020,272.48
8/9/2020,226.88
8/10/2020,236.2
8/11/2020,211.99
8/12/2020,355
8/13/2020,418.7
8/14/2020,492.6
8/15/2020,517.6
8/16/2020,879.01
8/17/2020,922
8/18/2020,"1,149.40"
8/19/2020,"1,594.80"
8/20/2020,548.32
8/21/2020,464.8
8/22/2020,313.7
8/23/2020,269.75
8/24/2020,322.55
8/25/2020,271.43
8/26/2020,329.3
8/27/2020,206.83
8/28/2020,173.75
8/29/2020,176.4
8/30/2020,200.94
8/31/2020,160.1
9/1/2020,199.86
9/2/2020,157.79
9/3/2020,131.79
9/4/2020,117.5
9/5/2020,82.05
9/6/2020,135.61
9/7/2020,259.79
9/8/2020,195.4
9/9/2020,523.41
9/10/2020,501.5
9/11/2020,434.66
9/12/2020,347
9/13/2020,346.78
9/14/2020,322.6
9/15/2020,298.68
9/16/2020,352.77
9/17/2020,245.67
9/18/2020,262
9/19/2020,279
9/20/2020,192.76
9/21/2020,514.79
9/22/2020,397.22
9/23/2020,324.7
9/24/2020,291.8
9/25/2020,287.39
9/26/2020,248.21
9/27/2020,237.7
9/28/2020,224
9/29/2020,239.2
9/30/2020,190.1
10/1/2020,527.27
10/2/2020,215.98
10/3/2020,190.1
10/4/2020,178.45
10/5/2020,175
10/6/2020,224
10/7/2020,202.5
10/8/2020,128.6
10/9/2020,111.72
10/10/2020,98.86
10/11/2020,118.9
10/12/2020,71
10/13/2020,82.89
10/14/2020,67
10/15/2020,186.83
10/16/2020,97.12
10/17/2020,85.52
10/18/2020,72.79
10/19/2020,67
10/20/2020,72
10/21/2020,44.5
10/22/2020,61.05
10/23/2020,52.8
10/24/2020,52.6
10/25/2020,54.9
10/26/2020,40.35
10/27/2020,46.67
10/28/2020,51.7
10/29/2020,53.3
10/30/2020,66.69
10/31/2020,47.1
11/1/2020,49.3
11/2/2020,30.85
11/3/2020,44.8
11/4/2020,49.9
11/5/2020,49.88
11/6/2020,49.48
11/7/2020,61
11/8/2020,42.74
11/9/2020,27.95
11/10/2020,36
11/11/2020,31.79
11/12/2020,36.47
11/13/2020,36.2
11/14/2020,22.15
11/15/2020,29.9
11/16/2020,36.07
11/17/2020,19.63
11/18/2020,65
11/19/2020,33.7
11/20/2020,32
11/21/2020,36.2
11/22/2020,36.2
11/23/2020,17.9
11/24/2020,29.29
11/25/2020,23.69
11/26/2020,25.39
11/27/2020,26
11/28/2020,21.5
11/29/2020,19.7
11/30/2020,15
12/1/2020,22
12/2/2020,22
12/3/2020,21.15
12/4/2020,23.23
12/5/2020,19.7
12/6/2020,22.1
12/7/2020,20.84
12/8/2020,16.14
12/9/2020,14.41
12/10/2020,13.74
12/11/2020,19.7
12/12/2020,20.07
12/13/2020,18.81
12/14/2020,19.7
12/15/2020,15
12/16/2020,15.2
12/17/2020,16.2
12/18/2020,17.59
12/19/2020,19.7
12/20/2020,19.7
12/21/2020,19.7
12/22/2020,19.7
12/23/2020,19.7
12/24/2020,13.55
12/25/2020,16.35
12/26/2020,16.35
12/27/2020,19.75
12/28/2020,14.92
12/29/2020,11.5
12/30/2020,11.5
12/31/2020,11.5
1/1/2021,13.55
1/2/2021,11.8
1/3/2021,13.24
1/4/2021,15.33
1/5/2021,11.5
1/6/2021,11.5
1/7/2021,11.5
1/8/2021,13.5
1/9/2021,18.6
1/10/2021,14.24
1/11/2021,17.98
1/12/2021,11.5
1/13/2021,11.5
1/14/2021,23.85
1/15/2021,19.7
1/16/2021,17.7
1/17/2021,20.8
1/18/2021,15.88
1/19/2021,16.1
1/20/2021,19.7
1/21/2021,19.55
1/22/2021,19.85
1/23/2021,15
1/24/2021,14.86
1/25/2021,14.59
1/26/2021,16.37
1/27/2021,14.15
1/28/2021,19.4
1/29/2021,11.2
1/30/2021,16.64
1/31/2021,11.2
2/1/2021,30.92
2/2/2021,21.76
2/3/2021,18.36
2/4/2021,19.4
2/5/2021,11.2
2/6/2021,19.01
2/7/2021,17.92
2/8/2021,11.2
2/9/2021,255.7
2/10/2021,52
2/11/2021,28.3
2/12/2021,26.27
2/13/2021,22.81
2/14/2021,19.4
2/15/2021,11.3
2/16/2021,10
2/17/2021,23.3
2/18/2021,16.42
2/19/2021,16.87
2/20/2021,20.54
2/21/2021,23.55
2/22/2021,13.94
2/23/2021,20.19
2/24/2021,18.76
2/25/2021,24.83
2/26/2021,29.5
2/27/2021,16.01
2/28/2021,18.3
3/1/2021,18.15
3/2/2021,16.62
3/3/2021,14.6
3/4/2021,12.2
3/5/2021,19.01
3/6/2021,13.4
3/7/2021,17.9
3/8/2021,13
3/9/2021,11.25
3/10/2021,17.03
3/11/2021,17.83
3/12/2021,12.48
3/13/2021,10.55
3/14/2021,13.1
3/15/2021,7
3/16/2021,18.3
3/17/2021,18.2
3/18/2021,11.2
3/19/2021,11.6
3/20/2021,11.68
3/21/2021,12.31
3/22/2021,19.9
3/23/2021,26.25
3/24/2021,8.55
3/25/2021,19.32
3/26/2021,15.33
3/27/2021,15.33
3/28/2021,23.1
3/29/2021,11.77
3/30/2021,13.33
3/31/2021,8.5
4/1/2021,14.08
4/2/2021,25.4
4/3/2021,11.53
4/4/2021,19.6
4/5/2021,46.17
4/6/2021,91.19
4/7/2021,73.07
4/8/2021,43.3
4/9/2021,16.3
4/10/2021,41.6
4/11/2021,45.87
4/12/2021,41.95
4/13/2021,34.4
4/14/2021,27.56
4/15/2021,27.8
4/16/2021,19.3
4/17/2021,156.2
4/18/2021,103.9
4/19/2021,87.93
4/20/2021,51.22
4/21/2021,42.5
4/22/2021,35.34
4/23/2021,21.45
4/24/2021,23.3
4/25/2021,21.68
4/26/2021,327.29
4/27/2021,117.75
4/28/2021,104.13
4/29/2021,66
4/30/2021,98.8
5/1/2021,66.15
5/2/2021,46.25
5/3/2021,70.65
5/4/2021,57.4
5/5/2021,41.4
5/6/2021,76.7
5/7/2021,96.95
5/8/2021,73.55
5/9/2021,43.7
5/10/2021,33.52
5/11/2021,26.1
5/12/2021,34.4
5/13/2021,34.4
5/14/2021,53.05
5/15/2021,46.98
5/16/2021,35.54
5/17/2021,23.6
5/18/2021,38.05
5/19/2021,35.05
5/20/2021,30
5/21/2021,37.4
5/22/2021,52.2
5/23/2021,23.3
5/24/2021,45.4
5/25/2021,24.7
5/26/2021,24.35
5/27/2021,24.7
5/28/2021,57.48
5/29/2021,44.48
5/30/2021,14.9
5/31/2021,14.9
6/1/2021,88.7
6/2/2021,67.73
6/3/2021,73.19
6/4/2021,76.64
6/5/2021,133.5
6/6/2021,91.4
6/7/2021,75.4
6/8/2021,107.03
6/9/2021,63.05
6/10/2021,164.7
6/11/2021,119.6
6/12/2021,77.11
6/13/2021,130.78
6/14/2021,126.9
6/15/2021,87.6
6/16/2021,189.48
6/17/2021,162.6
6/18/2021,92
6/19/2021,81.83
6/20/2021,70.5
6/21/2021,54.85
6/22/2021,48.8
6/23/2021,63.45
6/24/2021,606.99
6/25/2021,691.66
6/26/2021,489.5
6/27/2021,415
6/28/2021,253.45
6/29/2021,412.4
6/30/2021,314.4
7/1/2021,522.25
7/2/2021,496.8
7/3/2021,339.58
7/4/2021,228.58
7/5/2021,180
7/6/2021,427.25
7/7/2021,258.82
7/8/2021,189.95
7/9/2021,326.3
7/10/2021,236.05
7/11/2021,179.8
7/12/2021,129.1
7/13/2021,110.55
7/14/2021,104.55
7/15/2021,443.85
7/16/2021,235
7/17/2021,184.8
7/18/2021,105.1
7/19/2021,201.4
7/20/2021,258.1
7/21/2021,275.1
7/22/2021,216.5
7/23/2021,410.7
7/24/2021,223.6
7/25/2021,158.65
7/26/2021,219.95
7/27/2021,155.1
7/28/2021,166.5
7/29/2021,266.5
7/30/2021,240.85
7/31/2021,215.9
8/1/2021,216.2
8/2/2021,287.6
8/3/2021,311.95
8/4/2021,203.9
8/5/2021,188.9
8/6/2021,184.6
8/7/2021,115.1
8/8/2021,109.7
8/9/2021,179.5
8/10/2021,268.34
8/11/2021,236.75
8/12/2021,518.3
8/13/2021,541.5
8/14/2021,457.8
8/15/2021,905.01
8/16/2021,743.33
8/17/2021,552.45
8/18/2021,589.25
8/19/2021,452.55
8/20/2021,355.7
8/21/2021,226.53
8/22/2021,188.92
8/23/2021,182.7
8/24/2021,218.15
8/25/2021,266.05
8/26/2021,262.1
8/27/2021,195.8
8/28/2021,161.65
8/29/2021,141.75
8/30/2021,148.4
8/31/2021,120.9
9/1/2021,135.87
9/2/2021,114.43
9/3/2021,97.4
9/4/2021,56.7
9/5/2021,85.6
9/6/2021,134.15
9/7/2021,85.6
9/8/2021,71.8
9/9/2021,71.8
9/10/2021,99.5
9/11/2021,78.75
9/12/2021,85.65
9/13/2021,57.31
9/14/2021,71.8
9/15/2021,45.1
9/16/2021,52.15
9/17/2021,66.25
9/18/2021,80.77
9/19/2021,100.85
9/20/2021,215.3
9/21/2021,104.1
9/22/2021,86.05
9/23/2021,78.2
9/24/2021,60.31
9/25/2021,78.8
9/26/2021,72.75
9/27/2021,89.7
9/28/2021,71.55
9/29/2021,49.95
9/30/2021,75.8
10/1/2021,47.1
10/2/2021,47.1
10/3/2021,76.7
10/4/2021,76.75
10/5/2021,71.93
10/6/2021,54.51
10/7/2021,48.4
10/8/2021,35.6
10/9/2021,21.7
10/10/2021,119.41
10/11/2021,317.94
10/12/2021,110.75
10/13/2021,64.27
10/14/2021,32.4
10/15/2021,327.68
10/16/2021,138.8
10/17/2021,87.5
10/18/2021,68.02
10/19/2021,59.41
10/20/2021,49
10/21/2021,49.05
10/22/2021,33.7
10/23/2021,172.3
10/24/2021,75.5
10/25/2021,66.45
10/26/2021,49.1
10/27/2021,49.1
10/28/2021,49.1
10/29/2021,79.9
10/30/2021,46.35
10/31/2021,65.7
11/1/2021,100.95
11/2/2021,322.8
11/3/2021,250.9
11/4/2021,185.47
11/5/2021,115.77
11/6/2021,98.98
11/7/2021,78.85
11/8/2021,68.2
11/9/2021,84.6
11/10/2021,67.27
11/11/2021,53.7
11/12/2021,50.85
11/13/2021,49.69
11/14/2021,35.7
11/15/2021,52
11/16/2021,53.35
11/17/2021,43.85
11/18/2021,47.95
11/19/2021,52
11/20/2021,42.33
11/21/2021,37.87
11/22/2021,52
11/23/2021,52
11/24/2021,20
11/25/2021,19.4
11/26/2021,44.4
11/27/2021,19.7
11/28/2021,34.69
11/29/2021,36.2
11/30/2021,27.95
12/1/2021,29.98
12/2/2021,27.9
12/3/2021,27.9
12/4/2021,19.7
12/5/2021,19.7
12/6/2021,28
12/7/2021,24.7
12/8/2021,26.25
12/9/2021,3.2
12/10/2021,21.78
12/11/2021,19.7
12/12/2021,52.8
12/13/2021,23.22
12/14/2021,15.39
12/15/2021,11.4
12/16/2021,20.9
12/17/2021,15.2
12/18/2021,11.4
12/19/2021,11.4
12/20/2021,11.4
12/21/2021,23.9
12/22/2021,369
12/23/2021,11.4
12/24/2021,11.4
12/25/2021,11.4
12/26/2021,37.1
12/27/2021,67.11
12/28/2021,37.2
12/29/2021,27.9
12/30/2021,32.05
12/31/2021,27.45
1/1/2022,44.5
1/2/2022,23.8
1/3/2022,23.8
1/4/2022,25.11
1/5/2022,20.38
1/6/2022,21.64
1/7/2022,21.23
1/8/2022,19.7
1/9/2022,11.4
1/10/2022,27.9
1/11/2022,11.4
1/12/2022,19.7
1/13/2022,9.6
1/14/2022,19.7
1/15/2022,25.19
1/16/2022,170.46
1/17/2022,105.08
1/18/2022,47.25
1/19/2022,44.5
1/20/2022,11.5
1/21/2022,144.55
1/22/2022,126.98
1/23/2022,78.53
1/24/2022,52.8
1/25/2022,52
1/26/2022,44.5
1/27/2022,19.7
1/28/2022,33.16
1/29/2022,27.93
1/30/2022,39.42
1/31/2022,16.7
2/1/2022,51.45
2/2/2022,19.7
2/3/2022,23.15
2/4/2022,25.3
2/5/2022,28
2/6/2022,72.93
2/7/2022,79.45
2/8/2022,47.1
2/9/2022,29.91
2/10/2022,41
2/11/2022,18.05
2/12/2022,31.2
2/13/2022,43.95
2/14/2022,27.6
2/15/2022,11.3
2/16/2022,20.15
2/17/2022,29.45
2/18/2022,22.67
2/19/2022,10.2
2/20/2022,149.8
2/21/2022,52
2/22/2022,84.3
2/23/2022,74.84
2/24/2022,54.73
2/25/2022,58.9
2/26/2022,24.45
2/27/2022,28.1
2/28/2022,38.4
3/1/2022,13
