date,TaTrach1,TaTrach2,TaTrach3,TaTrach4,Qden
8/29/20 17:00,0,0,0,0,100.88
8/29/20 18:00,0,0,0,0,115.987
8/29/20 19:00,0,0,0,0,381.668
8/29/20 20:00,0,0,0,0,371.601
8/29/20 21:00,0,0,0,0,368.037
8/29/20 22:00,0,0,0,0,371.052
8/29/20 23:00,0,0,0,0,357.515
8/30/20 0:00,0,0,0,0,0.444
8/30/20 1:00,0,0,0,0,399.888
8/30/20 2:00,0,0,0,0,393.39
8/30/20 3:00,0,0,0,0,390.123
8/30/20 4:00,0,0,0,0,400.059
8/30/20 5:00,0,0,0,0,393.563
8/30/20 6:00,0,0,0,0,393.601
8/30/20 7:00,0,0,0,0,400.27
8/30/20 8:00,0,0,0,0,393.77
8/30/20 9:00,0,0,0,0,397.126
8/30/20 10:00,0,0,0,0,393.885
8/30/20 11:00,0,0,0,0,3.712
8/30/20 12:00,0,0,0,0,0.444
8/30/20 13:00,0,0,0,0,0.444
8/30/20 14:00,0,0,0,0,6.987
8/30/20 15:00,0,0,0,0,10.253
8/30/20 16:00,0,0,0,0,0.444
8/30/20 17:00,0,0,0,0,6.985
8/30/20 18:00,0,0,0,0,0.445
8/30/20 19:00,0,0,0,0,10.253
8/30/20 20:00,0,0,0,0,3.713
8/30/20 21:00,0,0,0,0,3.719
8/30/20 22:00,0,0,0,0,3.713
8/30/20 23:00,0,0,0,0,3.713
8/31/20 0:00,0,0,0,0,3.717
8/31/20 1:00,0,0,0,0,0.444
8/31/20 2:00,0,0,0,0,0.444
8/31/20 3:00,0,0,0,0,0.444
8/31/20 4:00,0,0,0,0,0.443
8/31/20 5:00,0,0,0,0,0.443
8/31/20 6:00,0,0,0,0,0.442
8/31/20 7:00,0,0,0,0,0.442
8/31/20 8:00,0,0,0,0,0.441
8/31/20 9:00,0,0,0,0,0.441
8/31/20 10:00,0,0,0,0,0.441
8/31/20 11:00,0,0,0,0,0.44
8/31/20 12:00,0,0,0,0,0.44
8/31/20 13:00,0,0,0,0,0.439
8/31/20 14:00,0,0,0,0,0.439
8/31/20 15:00,0,0,0,0,0.438
8/31/20 16:00,0,0,0,0,0.438
8/31/20 17:00,0,0,0,0,0.438
8/31/20 18:00,0,0,0,0,0.437
8/31/20 19:00,0,0,0,0,0.437
8/31/20 20:00,0,0,0,0,0.436
8/31/20 21:00,0,0,0,0,0.436
8/31/20 22:00,0,0,0,0,0.435
8/31/20 23:00,0,0,0,0,0.435
9/1/2020 0:00,0,0,0,0,0.449
9/1/2020 1:00,0,0,0,0,0.449
9/1/2020 2:00,0,0,0,0,0.448
9/1/2020 3:00,0,0,0,0,0.448
9/1/2020 4:00,0,0,0,0,0.447
9/1/2020 5:00,0,0,0,0,0.447
9/1/2020 6:00,0,0,0,0,0.447
9/1/2020 7:00,0,0,0,0,0.446
9/1/2020 8:00,0,0,0,0,0.446
9/1/2020 9:00,0,0,0,0,0.445
9/1/2020 10:00,0,0,0,0,0.445
9/1/2020 11:00,0,0,0,0,0.444
9/1/2020 12:00,0,0,0,0,0.444
9/1/2020 13:00,0,0,0,7.4,60.065
9/1/2020 14:00,2.2,1.9,2.2,2.4,0.443
9/1/2020 15:00,0.6,0.5,0.6,0.4,0.443
9/1/2020 16:00,0,0,0,0.1,0.442
9/1/2020 17:00,0,0,0,0,0.442
9/1/2020 18:00,0,0,0,0,369.876
9/1/2020 19:00,0,0,0,0,364.079
9/1/2020 20:00,0,0,0,0,340.768
9/1/2020 21:00,0,0,0,0,343.661
9/1/2020 22:00,0,0,0,0,339.955
9/1/2020 23:00,0,0,0,0,359.441
9/2/2020 0:00,0,0,0,0,0.439
9/2/2020 1:00,0,0,0,0,371.858
9/2/2020 2:00,0,0,0,0,365.066
9/2/2020 3:00,0,0,0,0,358.194
9/2/2020 4:00,0,0,0,0,361.168
9/2/2020 5:00,0,0,0,0,360.874
9/2/2020 6:00,0,0,0,0,357.268
9/2/2020 7:00,0,0,0,0,353.596
9/2/2020 8:00,0,0,0,0,353.209
9/2/2020 9:00,0,0,0,0,352.775
9/2/2020 10:00,0,0,0,0,352.399
9/2/2020 11:00,0,0,0,0,345.399
9/2/2020 12:00,0,0,0,0,358.169
9/2/2020 13:00,0,0,0,0,347.945
9/2/2020 14:00,0,0,0,0,347.526
9/2/2020 15:00,0,0,0,0,350.41
9/2/2020 16:00,0,0,0,0,347.057
9/2/2020 17:00,0.2,0.2,0.2,0.1,352.921
9/2/2020 18:00,0.4,0.3,0.4,0.3,339.39
9/2/2020 19:00,0,0,0,0,351.991
9/2/2020 20:00,0,0,0,0,345.038
9/2/2020 21:00,0,0,0,0,338.017
9/2/2020 22:00,0,0,0,0,354.012
9/2/2020 23:00,0,0,0,0,340.547
9/3/2020 0:00,0,0,0,0,0.43
9/3/2020 1:00,0,0,0,0,339.748
9/3/2020 2:00,0,0,0,0,342.515
9/3/2020 3:00,0,0,0,0,342.103
9/3/2020 4:00,0,0,0,0,335.134
9/3/2020 5:00,0,0,0,0,347.806
9/3/2020 6:00,0,0,0,0,337.584
9/3/2020 7:00,0,0,0,0,347.002
9/3/2020 8:00,0,0,0,0,340.051
9/3/2020 9:00,0,0,0,0,336.555
9/3/2020 10:00,0,0,0,0,211.762
9/3/2020 11:00,0,0,0,0,185.358
9/3/2020 12:00,0,0,0,0,75.538
9/3/2020 13:00,0,0,0,0,77.672
9/3/2020 14:00,0,0,0,0,84.148
9/3/2020 15:00,0,0,0,0,78.629
9/3/2020 16:00,0,0,0,0,88.418
9/3/2020 17:00,0,0,0,0,75.245
9/3/2020 18:00,0,0,0,0,78.422
9/3/2020 19:00,0,0,0,0,0.467
9/3/2020 20:00,0,0,0,0,0.972
9/3/2020 21:00,0,0,0,0,13.468
9/3/2020 22:00,0,0,0,0,0.42
9/3/2020 23:00,0,0,0,0,177.774
9/4/2020 0:00,0,0,0,0,0.419
9/4/2020 1:00,0,0,0,0,104.027
9/4/2020 2:00,0,0,0,0,100.699
9/4/2020 3:00,0,0,0,0,97.361
9/4/2020 4:00,0,0,0,0,97.289
9/4/2020 5:00,0,0,0,0,93.959
9/4/2020 6:00,0,0,0,0,100.424
9/4/2020 7:00,0,0,0,0,93.809
9/4/2020 8:00,0,0,0,0,93.776
9/4/2020 9:00,0,0,0,0,96.966
9/4/2020 10:00,0,0,0,0,0.415
9/4/2020 11:00,0,0,0,0,0.415
9/4/2020 12:00,0,0,0,0,109.756
9/4/2020 13:00,0,0,0,0,76.073
9/4/2020 14:00,0,0,0,0,88.78
9/4/2020 15:00,0,0,0,0,85.448
9/4/2020 16:00,0,0,0,0,88.423
9/4/2020 17:00,0,0,0,0,81.756
9/4/2020 18:00,0,0,0,0,88.215
9/4/2020 19:00,0,0,0,0,91.407
9/4/2020 20:00,0,0,0,0,87.829
9/4/2020 21:00,0,0,0,0,87.759
9/4/2020 22:00,0,0,0,0,84.42
9/4/2020 23:00,0,0,0,0,87.599
9/5/2020 0:00,0,0,0,0,80.062
9/5/2020 1:00,0,0,0,0,94.032
9/5/2020 2:00,0,0,0,0,84.15
9/5/2020 3:00,0,0,0,0,87.344
9/5/2020 4:00,0,0,0,0,83.992
9/5/2020 5:00,0,0,0,0,83.819
9/5/2020 6:00,0,0,0,0,86.845
9/5/2020 7:00,0,0,0,0,90.054
9/5/2020 8:00,0,0,0,0,76.929
9/5/2020 9:00,0,0,0,0,96.623
9/5/2020 10:00,0,0,0,0,70.474
9/5/2020 11:00,0,0,0,0,0.403
9/5/2020 12:00,0,0,0,0,0.403
9/5/2020 13:00,0,0,0,0,0.402
9/5/2020 14:00,0,0,0,0,0.401
9/5/2020 15:00,0,0,0,0,0.401
9/5/2020 16:00,0,0,0,0,0.401
9/5/2020 17:00,0,0,0,0,0.4
9/5/2020 18:00,0,0,0,0.1,0.4
9/5/2020 19:00,0,0,0,0,0.399
9/5/2020 20:00,0,0,0,0,0.399
9/5/2020 21:00,0,0,0,0,0.399
9/5/2020 22:00,0,0,0,0,0.398
9/5/2020 23:00,0,0,0,0,0.398
9/6/2020 0:00,0,0,0,0,0.397
9/6/2020 1:00,0,0,0,0,3.674
9/6/2020 2:00,0,0,0,0,6.944
9/6/2020 3:00,0,0,0,0,6.938
9/6/2020 4:00,0,0,0,0,10.21
9/6/2020 5:00,0,0,0,0,3.673
9/6/2020 6:00,0,0,0,0,6.945
9/6/2020 7:00,0,0,0,0,0.409
9/6/2020 8:00,0,0,0,0,3.675
9/6/2020 9:00,0,0,0,0,3.673
9/6/2020 10:00,0,0,0,0,3.681
9/6/2020 11:00,0,0,0,0,6.939
9/6/2020 12:00,0,0,0,0,0.398
9/6/2020 13:00,0,0,0,0,3.675
9/6/2020 14:00,0,0,0,0,0.409
9/6/2020 15:00,0,0,0,0,13.475
9/6/2020 16:00,0,0,0,0,3.682
9/6/2020 17:00,0,0,0,0,0.398
9/6/2020 18:00,0,0,0,0,0.409
9/6/2020 19:00,0,0,0,0.1,36.342
9/6/2020 20:00,0,0,0,0.2,16.745
9/6/2020 21:00,0,0,0,0,3.676
9/6/2020 22:00,0,0,0,0,29.813
9/6/2020 23:00,0,0,0,0,16.74
9/7/2020 0:00,0,0,0,0,0.4
9/7/2020 1:00,0,0,0,0,0.411
9/7/2020 2:00,0,0,0,0,0.399
9/7/2020 3:00,0,0,0,0,0.399
9/7/2020 4:00,0,0,0,0,0.399
9/7/2020 5:00,0,0,0,0,0.398
9/7/2020 6:00,0,0,0,0.1,0.398
9/7/2020 7:00,0,0,0,0,0.397
9/7/2020 8:00,0,0,0,0,0.397
9/7/2020 9:00,0,0,0,0,0.396
9/7/2020 10:00,0,0,0,0,0.396
9/7/2020 11:00,0,0,0,0,0.395
9/7/2020 12:00,0,0,0,0,0.395
9/7/2020 13:00,0,0,0,0,0.395
9/7/2020 14:00,0,0,0,0,0.394
9/7/2020 15:00,0,0,0,0,0.394
9/7/2020 16:00,0,0,0,0,0.394
9/7/2020 17:00,0,1.4,0,0,0.393
9/7/2020 18:00,0.8,0.7,0.8,0.5,0.393
9/7/2020 19:00,61,52.2,61,41.2,85.341
9/7/2020 20:00,1.2,1.8,1.2,0.9,0.394
9/7/2020 21:00,0,0,0,0,0.393
9/7/2020 22:00,0,0,0,0,0.393
9/7/2020 23:00,0,0,0,0,0.392
9/8/2020 0:00,0,0,0,0,0.403
9/8/2020 1:00,0,0,0,0,0.392
9/8/2020 2:00,0,0,0,0,0.392
9/8/2020 3:00,0,0,0,0,0.392
9/8/2020 4:00,0,0,0,0,0.392
9/8/2020 5:00,0,0,0,0,0.392
9/8/2020 6:00,0,0,0,0,0.391
9/8/2020 7:00,0,0,0,0,0.391
9/8/2020 8:00,0,0,0,0,0.391
9/8/2020 9:00,0,0,0,0,0.39
9/8/2020 10:00,0,0,0,0,0.39
9/8/2020 11:00,0,0,0,0,0.39
9/8/2020 12:00,0,0,0,0,0.389
9/8/2020 13:00,0,0,0,0,0.389
9/8/2020 14:00,0,0,0,0,0.388
9/8/2020 15:00,0,0,0,0,0.388
9/8/2020 16:00,0,0,0,0,0.388
9/8/2020 17:00,0,0,0,0,33.066
9/8/2020 18:00,17.2,14.7,17.2,15.6,33.068
9/8/2020 19:00,0.2,0.2,0.2,0.1,0.388
9/8/2020 20:00,1,0.9,1,0.7,0.388
9/8/2020 21:00,0,0,0,0,0.388
9/8/2020 22:00,0,0,0,0,0.388
9/8/2020 23:00,0,0,0,0,0.387
9/9/2020 0:00,0,0,0,0,0.387
9/9/2020 1:00,0,0,0,0,0.387
9/9/2020 2:00,0,0,0,0,0.387
9/9/2020 3:00,0,0,0,0,0.386
9/9/2020 4:00,0,0,0,0,0.386
9/9/2020 5:00,0,0,0,0,0.386
9/9/2020 6:00,0,0,0,0,0.385
9/9/2020 7:00,0,0,0,0,0.385
9/9/2020 8:00,0,0,0,0,0.385
9/9/2020 9:00,0,0,0,0,0.384
9/9/2020 10:00,0,0,0,0,0.384
9/9/2020 11:00,0,0,0,0,0.383
9/9/2020 12:00,0,0,0,0,0.383
9/9/2020 13:00,0,0,0,0,0.383
9/9/2020 14:00,0,0,0,0,0.383
9/9/2020 15:00,0,0,0,0,0.383
9/9/2020 16:00,0,0,0,0,0.382
9/9/2020 17:00,0,0,0,0,0.382
9/9/2020 18:00,0,0,0,0,0.382
9/9/2020 19:00,0,0,0,0,0.381
9/9/2020 20:00,0,0,0,0,0.381
9/9/2020 21:00,0,0,0,0,0.381
9/9/2020 22:00,0,0,0,0,0.381
9/9/2020 23:00,0,0,0,0,0.38
9/10/2020 0:00,0,0,0,0,0.38
9/10/2020 1:00,0,0,0,0,0.379
9/10/2020 2:00,0,0,0,0,0.379
9/10/2020 3:00,0,0,0,0,0.379
9/10/2020 4:00,0,0,0,0,0.378
9/10/2020 5:00,0,0,0,0,0.378
9/10/2020 6:00,0,0,0,0,0.377
9/10/2020 7:00,0,0,0,0,0.377
9/10/2020 8:00,0,0,0,0,0.377
9/10/2020 9:00,0,0,0,0,0.376
9/10/2020 10:00,0,0,0,0,0.376
9/10/2020 11:00,0,0,0,0,0.375
9/10/2020 12:00,0,0,0,0,0.375
9/10/2020 13:00,0,0,0,0,0.374
9/10/2020 14:00,0,0,0,0,0.374
9/10/2020 15:00,0,0,0,0,0.373
9/10/2020 16:00,0,0,0,0,0.373
9/10/2020 17:00,0,0,0,0,0.373
9/10/2020 18:00,0,0,0,0,0.372
9/10/2020 19:00,0,0,0,0,0.372
9/10/2020 20:00,0,0,0,0,0.372
9/10/2020 21:00,0,0,0,0,0.371
9/10/2020 22:00,0,0,0,0,0.371
9/10/2020 23:00,0,0,0,0,0.37
9/11/2020 0:00,0,0,0,0,0.37
9/11/2020 1:00,0,0,0,0,0.37
9/11/2020 2:00,0,0,0,0,0.369
9/11/2020 3:00,0,0,0,0,0.369
9/11/2020 4:00,0,0,0,0,0.368
9/11/2020 5:00,0,0,0,0,0.368
9/11/2020 6:00,0,0,0,0,0.367
9/11/2020 7:00,0,0,0,0,0.367
9/11/2020 8:00,0,0,0,0,0.367
9/11/2020 9:00,0,0,0,0,0.366
9/11/2020 10:00,0,0,0,0,0.366
9/11/2020 11:00,0,0,0,0,0.365
9/11/2020 12:00,0,0,0,0,0.365
9/11/2020 13:00,0,0,0,0,0.364
9/11/2020 14:00,0,0,0,0,0.364
9/11/2020 15:00,0,0,0,0,0.364
9/11/2020 16:00,0.6,0.5,0.6,0.4,0.364
9/11/2020 17:00,0,0,0,0,0.363
9/11/2020 18:00,2.8,2.4,2.8,1.9,0.363
9/11/2020 19:00,1.6,1.4,1.6,5.1,0.363
9/11/2020 20:00,0.2,0.2,0.2,0.1,0.362
9/11/2020 21:00,0,0,0,0,10.173
9/11/2020 22:00,0,0,0,0,0.362
9/11/2020 23:00,0,0,0,0,0.362
9/12/2020 0:00,0,0,0,0,0.362
9/12/2020 1:00,0,0,0,0,0.361
9/12/2020 2:00,0,0,0,0,0.361
9/12/2020 3:00,0,0,0,0,0.361
9/12/2020 4:00,0,0,0,0,0.36
9/12/2020 5:00,0,0,0,0,0.36
9/12/2020 6:00,0,0,0,0,0.36
9/12/2020 7:00,0,0,0,0,0.359
9/12/2020 8:00,0,0,0,0,0.359
9/12/2020 9:00,0,0,0,0,0.359
9/12/2020 10:00,0,0,0,0,0.358
9/12/2020 11:00,0,0,0,0,0.358
9/12/2020 12:00,0,0,0,0,0.357
9/12/2020 13:00,0,0,0,0,0.357
9/12/2020 14:00,0,0,0,0,0.357
9/12/2020 15:00,0,0,0,0,0.356
9/12/2020 16:00,0,0,0,0,0.356
9/12/2020 17:00,0,0,0,0,0.355
9/12/2020 18:00,0,0,0,0,0.355
9/12/2020 19:00,0,0,0,0,0.355
9/12/2020 20:00,0,0,0,0,0.354
9/12/2020 21:00,0,0,0,0,0.354
9/12/2020 22:00,0,0,0,0,0.354
9/12/2020 23:00,0,0,0,0,0.353
9/13/20 0:00,0,0,0,0,0.353
9/13/20 1:00,0,0,0,0,16.695
9/13/20 2:00,0,0,0,0,0.364
9/13/20 3:00,0,0,0,0,10.198
9/13/20 4:00,0,0,0,0,6.9
9/13/20 5:00,0,0,0,0,6.932
9/13/20 6:00,0,0,0,0,6.894
9/13/20 7:00,0,0,0,0,3.66
9/13/20 8:00,0,0,0,0,6.932
9/13/20 9:00,0,0,0,0,6.934
9/13/20 10:00,0,0,0,0,3.66
9/13/20 11:00,0,0,0,0,10.198
9/13/20 12:00,0,0,0,0,0.365
9/13/20 13:00,0.8,0.7,0.8,0.5,0.365
9/13/20 14:00,0.2,0.2,0.2,0.1,3.629
9/13/20 15:00,0,0,0,0,6.901
9/13/20 16:00,0,0,0,0,13.433
9/13/20 17:00,0,0,0,0,10.165
9/13/20 18:00,0,0,0,0,6.895
9/13/20 19:00,0,0,0,0,13.431
9/13/20 20:00,0,0,0,0,6.902
9/13/20 21:00,0,0,0,0,13.434
9/13/20 22:00,0,0,0,0,29.769
9/13/20 23:00,0,0,0,0,16.696
9/14/20 0:00,0,0,0,0,19.97
9/14/20 1:00,0,0,0,0,0.356
9/14/20 2:00,0,0,0,0,0.355
9/14/20 3:00,0,0,0,0,0.355
9/14/20 4:00,0,0,0,0,0.355
9/14/20 5:00,0,0,0,0,0.354
9/14/20 6:00,0,0,0,0,0.354
9/14/20 7:00,0,0,0,0,0.354
9/14/20 8:00,0,0,0,0,0.353
9/14/20 9:00,0,0,0,0,0.353
9/14/20 10:00,0,0,0,0,0.352
9/14/20 11:00,0,0,0,0,0.352
9/14/20 12:00,0,0,0,0,0.351
9/14/20 13:00,0,0,0,0,0.351
9/14/20 14:00,0,0,0,0,0.351
9/14/20 15:00,0,0,0,0,0.35
9/14/20 16:00,0,0,0,0,0.35
9/14/20 17:00,0,0,0,0,0.349
9/14/20 18:00,0.2,0.2,0.2,0.1,0.349
9/14/20 19:00,0.6,0.5,0.6,0.4,0.349
9/14/20 20:00,0,0,0,0,0.349
9/14/20 21:00,0,0,0,0,0.348
9/14/20 22:00,0,0,0,0,0.348
9/14/20 23:00,0,0,0,0,0.348
9/15/20 0:00,0,0,0,0,0.348
9/15/20 1:00,0,0,0,0,0.347
9/15/20 2:00,0,0,0,0,0.347
9/15/20 3:00,0,0,0,0,0.347
9/15/20 4:00,0,0,0,0,0.346
9/15/20 5:00,0,0,0,0,0.346
9/15/20 6:00,0,0,0,0,0.346
9/15/20 7:00,0,0,0,0,0.346
9/15/20 8:00,0,0,0,0,0.345
9/15/20 9:00,0,0,0,0,0.345
9/15/20 10:00,0,0,0,0,0.345
9/15/20 11:00,0,0,0,0,0.344
9/15/20 12:00,0,0,0,0,0.344
9/15/20 13:00,0,0,0,0,0.344
9/15/20 14:00,0,0,0,0,0.343
9/15/20 15:00,0,0,0,0,0.343
9/15/20 16:00,0,0,0,0,0.343
9/15/20 17:00,0,0,0,0,0.343
9/15/20 18:00,0,0,0,0,0.343
9/15/20 19:00,0,0,0,0,0.342
9/15/20 20:00,0,0,0,0,0.342
9/15/20 21:00,0,0,0,0,0.342
9/15/20 22:00,0,0,0,0,0.341
9/15/20 23:00,0,0,0,0,0.341
9/16/20 0:00,0,0,0,0,0.341
9/16/20 1:00,0,0,0,0,0.34
9/16/20 2:00,0,0,0,0,0.34
9/16/20 3:00,0,0,0,0,0.34
9/16/20 4:00,0,0,0,0,0.339
9/16/20 5:00,0,0,0,0,0.339
9/16/20 6:00,0,0,0,0,0.339
9/16/20 7:00,0,0,0,0,0.338
9/16/20 8:00,0,0,0,0,0.338
9/16/20 9:00,0,0,0,0,0.338
9/16/20 10:00,0,0,0,0,0.337
9/16/20 11:00,0,0,0,0,0.337
9/16/20 12:00,0,0,0,0,0.337
9/16/20 13:00,0,0,0,0,0.336
9/16/20 14:00,0,0,0,0,0.336
9/16/20 15:00,0,0,0,0,0.336
9/16/20 16:00,0,0,0,0,0.335
9/16/20 17:00,0,0,0,0,0.335
9/16/20 18:00,0,0,0,0,0.335
9/16/20 19:00,0,0,0,0,0.335
9/16/20 20:00,0,0,0,0,0.334
9/16/20 21:00,0,0,0,0,0.334
9/16/20 22:00,0,0,0,0,0.334
9/16/20 23:00,0,0,0,0,0.334
9/17/20 0:00,0,0,0,0,0.334
9/17/20 1:00,0,0,0,0,0.334
9/17/20 2:00,0,0,0,0,0.334
9/17/20 3:00,0,0,0,0,0.333
9/17/20 4:00,0,0,0,0,0.333
9/17/20 5:00,0,0,0,0,0.333
9/17/20 6:00,0,0,0,0,0.333
9/17/20 7:00,0,0,0,0,0.332
9/17/20 8:00,0,0,0,0,0.332
9/17/20 9:00,0,0,0,0,0.332
9/17/20 10:00,0,0,0,0,0.331
9/17/20 11:00,0.2,0.288448483,0.2,0.2,0.331
9/17/20 12:00,1.2,1.31793131,1.2,1.394848968,0.331
9/17/20 13:00,1.4,1.311551517,1.4,1.4,0.331
9/17/20 14:00,0.2,0.2,0.2,0.135050344,0.33
9/17/20 15:00,0,0,0,0,0.33
9/17/20 16:00,0.6,0.983276758,0.6,0.859798623,0.33
9/17/20 17:00,7,6.410343449,7,5.636057227,0.33
9/17/20 18:00,1,1.058965655,1,1.194848968,0.329
9/17/20 19:00,8.8,11.42397165,8.8,14.12587178,12.25
9/17/20 20:00,13.4,13.10517172,13.4,11.71130895,7.496
9/17/20 21:00,1.4,1.193620207,1.4,0.945352409,0.33
9/17/20 22:00,6.6,6.776896965,6.6,5.49585585,2.745
9/17/20 23:00,7,6.557757587,7,5.571107571,0.33
9/18/20 0:00,0.6,0.570517172,0.6,0.470100688,0.341
9/18/20 1:00,2.4,2.370517172,2.4,1.815453097,0.371
9/18/20 2:00,14,15.47414138,14,11.53191308,0.371
9/18/20 3:00,23.2,23.55379393,23.2,20.79686273,16.995
9/18/20 4:00,67,63.69792331,67,59.33594061,138.124
9/18/20 5:00,22.4,20.10033945,22.4,20.97110757,249.752
9/18/20 6:00,13.4,12.45654952,13.4,10.34736617,354.257
9/18/20 7:00,32.8,29.08516373,32.8,23.44724955,1026.813
9/18/20 8:00,43,39.31464656,43,34.88129302,1316.882
9/18/20 9:00,18.6,18.39362021,18.6,29.44659253,2064.978
9/18/20 10:00,0.2,0.170517172,0.2,0.135050344,2541.947
9/18/20 11:00,0,0,0,0,2615.88
9/18/20 12:00,0,0,0,0,1667.301
9/18/20 13:00,0,0,0,0,751.884
9/18/20 14:00,0,0,0,0,405.622
9/18/20 15:00,0,0,0,0,242.301
9/18/20 16:00,0,0,0,0,180.234
9/18/20 17:00,0,0,0,0,163.901
9/18/20 18:00,0,0,0,0,180.239
9/18/20 19:00,0,0,0,0,150.839
9/18/20 20:00,0,0,0,0,134.509
9/18/20 21:00,0,0,0,0,124.712
9/18/20 22:00,0,0,0,0,127.977
9/18/20 23:00,0,0,0,0,75.717
9/19/20 0:00,0,0,0,0,60
9/19/20 1:00,0,0,0,0,49.579
9/19/20 2:00,0,0,0,0,52.844
9/19/20 3:00,0,0,0,0,56.117
9/19/20 4:00,0,0,0,0,65.921
9/19/20 5:00,0,0,0,0,56.118
9/19/20 6:00,0,0,0,0,52.855
9/19/20 7:00,0,0,0,0,43.041
9/19/20 8:00,0,0,0,0,26.684
9/19/20 9:00,0,0,0,0,3.817
9/19/20 10:00,0,0,0,0,16.892
9/19/20 11:00,0,0,0,0,13.632
9/19/20 12:00,0,0,0,0,0.538
9/19/20 13:00,0,0,0,0,0.538
9/19/20 14:00,0,0,0,0,0.538
9/19/20 15:00,0,0,0,0,0.538
9/19/20 16:00,0,0,0,0,0.537
9/19/20 17:00,0,0,0,0,0.537
9/19/20 18:00,0,0,0,0,0.537
9/19/20 19:00,0,0,0,0,0.537
9/19/20 20:00,0,0,0,0,0.536
9/19/20 21:00,0,0,0,0,0.536
9/19/20 22:00,0,0,0,0,0.536
9/19/20 23:00,0,0,0,0,0.536
9/20/20 0:00,0,0,0,0,0.535
9/20/20 1:00,0,0,0,0,0.535
9/20/20 2:00,0,0,0,0,0.535
9/20/20 3:00,0,0,0,0,0.535
9/20/20 4:00,0,0,0,0,0.534
9/20/20 5:00,0,0,0,0,0.534
9/20/20 6:00,0,0,0,0,0.534
9/20/20 7:00,0,0,0,0,0.534
9/20/20 8:00,0,0,0,0,0.533
9/20/20 9:00,0,0,0,0,0.533
9/20/20 10:00,0,0,0,0,0.532
9/20/20 11:00,0,0,0,0,0.532
9/20/20 12:00,0,0,0,0,0.532
9/20/20 13:00,0,0,0,0,0.531
9/20/20 14:00,0,0,0,0,0.531
9/20/20 15:00,0,0,0,0,0.53
9/20/20 16:00,0,0,0,0,0.53
9/20/20 17:00,0,0,0,0,0.529
9/20/20 18:00,0,0,0,0,0.529
9/20/20 19:00,0,0,0,0,0.528
9/20/20 20:00,0,0,0,0,0.528
9/20/20 21:00,0,0,0,0,0.527
9/20/20 22:00,0,0,0,0,0.527
9/20/20 23:00,0,0,0,0,0.527
9/21/20 0:00,0,0,0,0,0.526
9/21/20 1:00,0,0,0,0,0.526
9/21/20 2:00,0,0,0,0,0.525
9/21/20 3:00,0,0,0,0,0.525
9/21/20 4:00,0,0,0,0,0.524
9/21/20 5:00,0,0,0,0,0.524
9/21/20 6:00,0,0,0,0,0.523
9/21/20 7:00,0,0,0,0,0.523
9/21/20 8:00,0,0,0,0,0.522
9/21/20 9:00,0,0,0,0,0.522
9/21/20 10:00,0,0,0,0,0.521
9/21/20 11:00,0,0,0,0,0.521
9/21/20 12:00,0,0,0,0,0.52
9/21/20 13:00,0,0,0,0,0.519
9/21/20 14:00,0,0,0,0,0.519
9/21/20 15:00,0,0,0,0,0.518
9/21/20 16:00,0,0,0,0,0.517
9/21/20 17:00,0,0,0,0,0.517
9/21/20 18:00,0,0,0,0,0.516
9/21/20 19:00,0,0,0,0,0.515
9/21/20 20:00,0,0,0,0,0.515
9/21/20 21:00,0,0,0,0,0.514
9/21/20 22:00,0,0,0,0,0.514
9/21/20 23:00,0,0,0,0,0.513
9/22/20 0:00,0,0,0,0,0.513
9/22/20 1:00,0,0,0,0,0.512
9/22/20 2:00,0,0,0,0,0.511
9/22/20 3:00,0,0,0,0,0.511
9/22/20 4:00,0,0,0,0,0.51
9/22/20 5:00,0,0,0,0,0.509
9/22/20 6:00,0,0,0,0,0.508
9/22/20 7:00,0,0,0,0,0.508
9/22/20 8:00,0,0,0,0,0.507
9/22/20 9:00,0,0,0,0,0.506
9/22/20 10:00,0,0,0,0,0.505
9/22/20 11:00,0,0,0,0,0.505
9/22/20 12:00,0,0,0,0,0.504
9/22/20 13:00,0,0,0,0,0.503
9/22/20 14:00,0,0,0,0,0.502
9/22/20 15:00,0,0,0,0,0.501
9/22/20 16:00,0,0,0,0,0.501
9/22/20 17:00,0,0,0,0,0.5
9/22/20 18:00,0,0,0,0,0.499
9/22/20 19:00,0,0,0,0,0.498
9/22/20 20:00,0,0,0,0,0.498
9/22/20 21:00,0,0,0,0,0.497
9/22/20 22:00,0,0,0,0,0.496
9/22/20 23:00,0,0,0,0,0.496
9/23/20 0:00,0,0,0,0,0.495
9/23/20 1:00,0,0,0,0,0.495
9/23/20 2:00,0,0,0,0,0.494
9/23/20 3:00,0,0,0,0,0.494
9/23/20 4:00,0,0,0,0,0.493
9/23/20 5:00,0,0,0,0,0.492
9/23/20 6:00,0,0,0,0,0.492
9/23/20 7:00,0,0,0,0,0.491
9/23/20 8:00,0,0,0,0,0.49
9/23/20 9:00,0,0,0,0,0.489
9/23/20 10:00,0,0,0,0,0.489
9/23/20 11:00,0,0,0,0,0.488
9/23/20 12:00,0,0,0,0,0.487
9/23/20 13:00,0,0,0,0,0.486
9/23/20 14:00,0,0,0,0,0.485
9/23/20 15:00,0,0,0,0,0.485
9/23/20 16:00,0,0,0,0,0.484
9/23/20 17:00,0,0,0,0,0.483
9/23/20 18:00,0,0,0,0,0.482
9/23/20 19:00,0,0,0,0,0.481
9/23/20 20:00,0,0,0,0,0.481
9/23/20 21:00,0,0,0,0,0.48
9/23/20 22:00,0,0,0,0,0.48
9/23/20 23:00,0,0,0,0,0.479
9/24/20 0:00,0,0,0,0,0.478
9/24/20 1:00,0,0,0,0,0.478
9/24/20 2:00,0,0,0,0,0.477
9/24/20 3:00,0,0,0,0,0.476
9/24/20 4:00,0,0,0,0,0.476
9/24/20 5:00,0,0,0,0,0.475
9/24/20 6:00,0,0,0,0,0.474
9/24/20 7:00,0,0,0,0,0.473
9/24/20 8:00,0,0,0,0,0.473
9/24/20 9:00,0,0,0,0,0.472
9/24/20 10:00,0,0,0,0,0.471
9/24/20 11:00,0,0,0,0,0.47
9/24/20 12:00,0,0,0,0,0.469
9/24/20 13:00,0,0,0,0,0.468
9/24/20 14:00,0,0,0,0,0.468
9/24/20 15:00,0,0,0,0,0.467
9/24/20 16:00,0,0,0,0,0.466
9/24/20 17:00,0,0,0,0,0.465
9/24/20 18:00,0,0,0,0,0.464
9/24/20 19:00,0,0,0,0,0.463
9/24/20 20:00,0,0,0,0,0.463
9/24/20 21:00,0,0,0,0,0.462
9/24/20 22:00,0,0,0,0,0.462
9/24/20 23:00,0,0,0,0,0.461
9/25/20 0:00,0,0,0,0,0.46
9/25/20 1:00,0,0,0,0,0.459
9/25/20 2:00,0,0,0,0,0.459
9/25/20 3:00,0,0,0,0,0.458
9/25/20 4:00,0,0,0,0,0.457
9/25/20 5:00,0,0,0,0,0.457
9/25/20 6:00,0,0,0,0,0.456
9/25/20 7:00,0,0,0,0,0.455
9/25/20 8:00,0,0,0,0,0.454
9/25/20 9:00,0,0,0,0,0.454
9/25/20 10:00,0,0,0,0,0.453
9/25/20 11:00,0,0,0,0,0.452
9/25/20 12:00,0,0,0,0,0.451
9/25/20 13:00,0,0,0,0,0.45
9/25/20 14:00,0,0,0,0,0.45
9/25/20 15:00,0,0,0,0,0.449
9/25/20 16:00,0,0,0,0,0.448
9/25/20 17:00,0,0,0,0,0.447
9/25/20 18:00,0,0,0,0,0.446
9/25/20 19:00,0,0,0,0,0.445
9/25/20 20:00,0,0,0,0,0.444
9/25/20 21:00,0,0,0,0,0.444
9/25/20 22:00,0,0,0,0,0.443
9/25/20 23:00,0,0,0,0,0.442
9/26/20 0:00,0,0,0,0,0.442
9/26/20 1:00,0,0,0,0,0.441
9/26/20 2:00,0,0,0,0,0.441
9/26/20 3:00,0,0,0,0,0.44
9/26/20 4:00,0,0,0,0,0.439
9/26/20 5:00,0,0,0,0,0.439
9/26/20 6:00,0,0,0,0,0.438
9/26/20 7:00,0,0,0,0,0.437
9/26/20 8:00,0,0,0,0,0.437
9/26/20 9:00,0,0,0,0,0.436
9/26/20 10:00,0,0,0,0,0.435
9/26/20 11:00,0,0,0,0,0.435
9/26/20 12:00,0,0,0,0,0.434
9/26/20 13:00,0,0,0,0,0.433
9/26/20 14:00,0,0,0,0,0.432
9/26/20 15:00,0,0,0,0,0.431
9/26/20 16:00,0,0,0,0,0.431
9/26/20 17:00,0,0,0,0,0.43
9/26/20 18:00,0,0,0,0,0.429
9/26/20 19:00,0,0,0,0,0.428
9/26/20 20:00,0,0,0,0,0.427
9/26/20 21:00,0,0,0,0,0.426
9/26/20 22:00,0,0,0,0,0.425
9/26/20 23:00,0,0,0,0,0.425
9/27/20 0:00,0,0,0,0,0.424
9/27/20 1:00,0,0,0,0,0.423
9/27/20 2:00,0,0,0,0,0.423
9/27/20 3:00,0,0,0,0,0.422
9/27/20 4:00,0,0,0,0,0.421
9/27/20 5:00,0,0,0,0,0.42
9/27/20 6:00,0,0,0,0,0.42
9/27/20 7:00,0,0,0,0,0.419
9/27/20 8:00,0,0,0,0,0.418
9/27/20 9:00,0,0,0,0,0.418
9/27/20 10:00,0,0,0,0,0.417
9/27/20 11:00,0,0,0,0,0.416
9/27/20 12:00,0,0,0,0,0.415
9/27/20 13:00,0,0,0,0,0.414
9/27/20 14:00,0,0,0,0,0.414
9/27/20 15:00,0,0,0,0,0.413
9/27/20 16:00,0,0,0,0,0.412
9/27/20 17:00,0,0,0,0,0.411
9/27/20 18:00,0,0,0,0,0.41
9/27/20 19:00,0,0,0,0,0.409
9/27/20 20:00,0,0,0,0,0.408
9/27/20 21:00,0,0,0,0,0.408
9/27/20 22:00,0,0,0,0,0.407
9/27/20 23:00,0,0,0,0,0.406
9/28/20 0:00,0,0,0,0,0.405
9/28/20 1:00,0,0,0,0,0.404
9/28/20 2:00,0,0,0,0,0.403
9/28/20 3:00,0,0,0,0,0.402
9/28/20 4:00,0,0,0,0,0.402
9/28/20 5:00,0,0,0,0,0.401
9/28/20 6:00,0,0,0,0,0.4
9/28/20 7:00,0,0,0,0,0.399
9/28/20 8:00,0,0,0,0,0.399
9/28/20 9:00,0,0,0,0,0.398
9/28/20 10:00,0,0,0,0,0.397
9/28/20 11:00,0,0,0,0,0.396
9/28/20 12:00,0,0,0,0,0.395
9/28/20 13:00,0,0,0,0,0.394
9/28/20 14:00,0,0,0,0,0.394
9/28/20 15:00,0,0,0,0,0.393
9/28/20 16:00,0,0,0,0,0.392
9/28/20 17:00,0,0,0,0,0.391
9/28/20 18:00,0,0,0,0,0.39
9/28/20 19:00,0,0,0,0,0.389
9/28/20 20:00,0,0,0,0,0.388
9/28/20 21:00,0,0,0,0,0.387
9/28/20 22:00,0,0,0,0,0.386
9/28/20 23:00,0,0,0,0,0.385
9/29/20 0:00,0,0,0,0,0.384
9/29/20 1:00,0,0,0,0,0.384
9/29/20 2:00,0,0,0,0,0.383
9/29/20 3:00,0,0,0,0,0.382
9/29/20 4:00,0,0,0,0,0.381
9/29/20 5:00,0,0,0,0,0.38
9/29/20 6:00,0,0,0,0,0.379
9/29/20 7:00,0,0,0,0,0.378
9/29/20 8:00,0,0,0,0,0.377
9/29/20 9:00,0,0,0,0,0.376
9/29/20 10:00,0,0,0,0,0.375
9/29/20 11:00,0,0,0,0,0.374
9/29/20 12:00,0,0,0,0,0.373
9/29/20 13:00,0,0,0,0,0.373
9/29/20 14:00,0,0,0,0,0.372
9/29/20 15:00,0,0,0,0,0.37
9/29/20 16:00,0,0,0,0,0.37
9/29/20 17:00,0,0,0,0,0.369
9/29/20 18:00,0,0,0,0,0.368
9/29/20 19:00,0,0,0,0,0.368
9/29/20 20:00,0,0,0,0,0.367
9/29/20 21:00,0,0,0,0,0.367
9/29/20 22:00,0,0,0,0,0.367
9/29/20 23:00,0,0,0,0,0.366
9/30/20 0:00,0,0,0,0,0.365
9/30/20 1:00,0,0,0,0,0.365
9/30/20 2:00,0,0,0,0,0.388
9/30/20 3:00,0,0,0,0,0.365
9/30/20 4:00,0,0,0,0,0.365
9/30/20 5:00,0,0,0,0,0.365
9/30/20 6:00,0,0,0,0,0.365
9/30/20 7:00,0,0,0,0,0.364
9/30/20 8:00,0,0,0,0,0.364
9/30/20 9:00,0,0,0,0,0.364
9/30/20 10:00,0,0,0,0,0.364
9/30/20 11:00,0,0,0,0,0.364
9/30/20 12:00,0,0,0,0,0.363
9/30/20 13:00,0,0,0,0,0.363
9/30/20 14:00,0,0,0,0,0.363
9/30/20 15:00,0,0,0,0,0.362
9/30/20 16:00,0,0,0,0,0.362
9/30/20 17:00,0,0,0,0,0.361
9/30/20 18:00,0,0,0,0,0.361
9/30/20 19:00,0,0,0,0,0.361
9/30/20 20:00,0,0,0,0,0.36
9/30/20 21:00,0,0,0,0,0.36
9/30/20 22:00,0,0,0,0,0.36
9/30/20 23:00,0,0,0,0,0.36
10/1/2020 0:00,0,0,0,0,0.348
10/1/2020 1:00,0,0,0,0,0.348
10/1/2020 2:00,0,0,0,0,0.348
10/1/2020 3:00,0,0,0,0,0.348
10/1/2020 4:00,0,0,0,0,0.347
10/1/2020 5:00,0,0,0,0,0.37
10/1/2020 6:00,0,0,0,0,0.347
10/1/2020 7:00,0,0,0,0,0.347
10/1/2020 8:00,0,0,0,0,0.346
10/1/2020 9:00,0,0,0,0,0.346
10/1/2020 10:00,0,0,0,0,0.346
10/1/2020 11:00,0,0,0,0,0.346
10/1/2020 12:00,0,0,0,0,0.346
10/1/2020 13:00,0,0,0,0,0.345
10/1/2020 14:00,0,0,0,0,0.345
10/1/2020 15:00,0,0,0,0,0.344
10/1/2020 16:00,0,0,0,0,0.344
10/1/2020 17:00,0,0,0,0,0.344
10/1/2020 18:00,0,0,0,0,0.343
10/1/2020 19:00,0,0,0,0,0.343
10/1/2020 20:00,0,0,0,0,0.342
10/1/2020 21:00,0,0,0,0,0.342
10/1/2020 22:00,0,0,0,0,0.342
10/1/2020 23:00,0,0,0,0,0.341
10/2/2020 0:00,0,0,0,0,0.341
10/2/2020 1:00,0,0,0,0,0.34
10/2/2020 2:00,0,0,0,0,0.34
10/2/2020 3:00,0,0,0,0,0.34
10/2/2020 4:00,0,0,0,0,0.34
10/2/2020 5:00,0,0,0,0,0.339
10/2/2020 6:00,0,0,0,0,0.339
10/2/2020 7:00,0,0,0,0,0.339
10/2/2020 8:00,0,0,0,0,0.339
10/2/2020 9:00,0,0,0,0,0.338
10/2/2020 10:00,0,0,0,0,0.338
10/2/2020 11:00,0,0,0,0,0.338
10/2/2020 12:00,0,0,0,0,0.337
10/2/2020 13:00,0,0,0,0,0.337
10/2/2020 14:00,0,0,0,0,0.337
10/2/2020 15:00,0,0,0,0,0.337
10/2/2020 16:00,0,0,0,0,0.336
10/2/2020 17:00,0,0,0,0,0.336
10/2/2020 18:00,0,0,0,0,0.336
10/2/2020 19:00,0,0,0,0,0.336
10/2/2020 20:00,0,0,0,0,0.336
10/2/2020 21:00,0,0,0,0,0.336
10/2/2020 22:00,0,0,0,0,0.335
10/2/2020 23:00,0,0,0,0,0.335
10/3/2020 0:00,0,0,0,0,0.335
10/3/2020 1:00,0,0,0,0,0.335
10/3/2020 2:00,0,0,0,0,0.334
10/3/2020 3:00,0,0,0,0,0.334
10/3/2020 4:00,0,0,0,0,0.334
10/3/2020 5:00,0,0,0,0,0.334
10/3/2020 6:00,0,0,0,0,0.334
10/3/2020 7:00,0,0,0,0,0.334
10/3/2020 8:00,0,0,0,0,0.333
10/3/2020 9:00,0,0,0,0,0.333
10/3/2020 10:00,0,0,0,0,0.333
10/3/2020 11:00,0,0,0,0,0.333
10/3/2020 12:00,0,0,0,0,0.332
10/3/2020 13:00,0,0,0,0,0.332
10/3/2020 14:00,0,0,0,0,0.332
10/3/2020 15:00,0,0,0,0,0.332
10/3/2020 16:00,0,0,0,0,0.331
10/3/2020 17:00,0,0,0,0,0.331
10/3/2020 18:00,0,0,0,0,0.331
10/3/2020 19:00,0,0,0,0,0.331
10/3/2020 20:00,0,0,0,0,0.33
10/3/2020 21:00,0,0,0,0,0.33
10/3/2020 22:00,0,0,0,0,0.33
10/3/2020 23:00,0,0,0,0,0.33
10/4/2020 0:00,0,0,0,0,0.33
10/4/2020 1:00,0,0,0,0,0.329
10/4/2020 2:00,0,0,0,0,0.329
10/4/2020 3:00,0,0,0,0,5.088
10/4/2020 4:00,0,0,0,0,0.329
10/4/2020 5:00,0,0,0,0,0.329
10/4/2020 6:00,0,0,0,0,0.329
10/4/2020 7:00,0,0,0,0,0.329
10/4/2020 8:00,0,0,0,0,0.329
10/4/2020 9:00,0,0,0,0,0.34
10/4/2020 10:00,0,0,0,0,0.329
10/4/2020 11:00,0,0,0,0,0.329
10/4/2020 12:00,0,0,0,0,0.329
10/4/2020 13:00,0,0,0,0,0.329
10/4/2020 14:00,0,0,0,0,0.329
10/4/2020 15:00,0,0,0,0,0.328
10/4/2020 16:00,0,0,0,0,0.328
10/4/2020 17:00,0,0,0,0,0.328
10/4/2020 18:00,0,0,0,0,0.328
10/4/2020 19:00,0,0,0,0,2.713
10/4/2020 20:00,0,0,0,0,12.216
10/4/2020 21:00,0,0,0,0,16.965
10/4/2020 22:00,0,0,0,0,7.465
10/4/2020 23:00,0,0,0,0,9.84
10/5/2020 0:00,0,0,0,0,7.465
10/5/2020 1:00,0,0,0,0,0.34
10/5/2020 2:00,0,0,0,0,5.087
10/5/2020 3:00,0,0,0,0,0.34
10/5/2020 4:00,0,0,0,0,0.34
10/5/2020 5:00,0,0,0,0,0.34
10/5/2020 6:00,0,0,0,0,0.329
10/5/2020 7:00,0,0,0,0,2.713
10/5/2020 8:00,0,0,0,0,0.34
10/5/2020 9:00,0,0,0,0,0.34
10/5/2020 10:00,0,0,0,0,0.329
10/5/2020 11:00,0,0,0,0,0.328
10/5/2020 12:00,0,0,0,0,0.328
10/5/2020 13:00,0,0,0,0,0.328
10/5/2020 14:00,0,0,0,0,0.328
10/5/2020 15:00,0,0,0,0,0.339
10/5/2020 16:00,0,0,0,0,0.328
10/5/2020 17:00,0,0,0,0,2.713
10/5/2020 18:00,0,0,0,0,0.339
10/5/2020 19:00,0,0,0,0,0.328
10/5/2020 20:00,0,0,0,0,0.328
10/5/2020 21:00,0,0,0,0,0.339
10/5/2020 22:00,0,0,0,0,0.328
10/5/2020 23:00,0,0,0,0,2.717
10/6/2020 0:00,0,0,0,0,0.328
10/6/2020 1:00,0,0,0,0,0.328
10/6/2020 2:00,0,0,0,0,0.328
10/6/2020 3:00,0,0,0,0,0.339
10/6/2020 4:00,0,0,0,0,0.339
10/6/2020 5:00,0.2,0.789656551,0.2,0.394848968,0.339
10/6/2020 6:00,0.4,0.51793131,0.4,1.17939587,0.328
10/6/2020 7:00,2.6,5.784145376,2.6,3.963942773,0.339
10/6/2020 8:00,6.8,9.541902963,6.8,10.43718073,14.587
10/6/2020 9:00,5.6,5.216723242,5.6,6.119597247,33.589
10/6/2020 10:00,0.2,0.347414138,0.2,0.2,12.216
10/6/2020 11:00,0,0.265345448,0,0,2.713
10/6/2020 12:00,0.4,0.458965655,0.4,0.270100688,0.328
10/6/2020 13:00,2,2.294828276,2,1.740201377,0.328
10/6/2020 14:00,0.2,1.939486826,0.2,1.369093806,0.328
10/6/2020 15:00,3.4,3.341034345,3.4,2.685553785,2.713
10/6/2020 16:00,6.2,6.347414138,6.2,10.87637522,24.088
10/6/2020 17:00,13.8,13.85896566,13.8,15.09899312,7.467
10/6/2020 18:00,11.6,11.0693091,11.6,9.781409636,19.337
10/6/2020 19:00,1.4,2.549830275,1.4,5.621727632,7.467
10/6/2020 20:00,16,13.99516773,16,12.10302065,14.59
10/6/2020 21:00,5.4,7.581729239,5.4,8.257784858,62.095
10/6/2020 22:00,1.8,2.920347447,1.8,1.670100688,14.587
10/6/2020 23:00,7.4,6.692412139,7.4,6.750503441,69.221
10/7/2020 0:00,1,1.147414138,1,1.974244838,14.588
10/7/2020 1:00,4.2,6.145866619,4.2,7.057784858,12.221
10/7/2020 2:00,23.8,25.09724441,23.8,20.35766824,90.593
10/7/2020 3:00,5,4.734654552,5,5.844345526,135.719
10/7/2020 4:00,3.4,4.756210068,3.4,7.167080041,92.972
10/7/2020 5:00,5.8,6.065345448,5.8,5.929899312,109.601
10/7/2020 6:00,16.4,17.60879593,16.4,21.46607316,268.201
10/7/2020 7:00,3,3.324311103,3,5.338187611,340.998
10/7/2020 8:00,11.6,15.96345848,11.6,16.34132488,523.046
10/7/2020 9:00,33.2,30.13378593,33.2,34.62889243,552.846
10/7/2020 10:00,3.6,3.393620207,3.6,2.82060413,419.311
10/7/2020 11:00,3.6,4.248622206,3.6,6.977382105,530.703
10/7/2020 12:00,39.2,37.37206469,39.2,41.01859036,684.701
10/7/2020 13:00,35.4,33.54258186,35.4,32.21746686,829.011
10/7/2020 14:00,57.4,51.82774559,57.4,53.11332271,1215.237
10/7/2020 15:00,28.4,24.62619807,28.4,22.87927925,1742.421
10/7/2020 16:00,25,21.66844049,25,17.46583992,2032.843
10/7/2020 17:00,18.8,16.88361621,18.8,16.52676204,1971.56
10/7/2020 18:00,4.6,4.511551517,4.6,5.574244838,1485.063
10/7/2020 19:00,30.6,30.45258586,30.6,24.559682,1329.173
10/7/2020 20:00,16,14.58482428,16,11.71332271,1117.65
10/7/2020 21:00,19.2,16.60551117,19.2,13.48443028,1350.41
10/7/2020 22:00,10.8,10.8,10.8,10.73505034,1642.849
10/7/2020 23:00,1.4,1.311551517,1.4,1.854647591,1757.47
10/8/2020 0:00,0.4,0.960173724,0.4,0.659798623,1397.707
10/8/2020 1:00,9.2,9.642242413,9.2,12.57738211,1207.582
10/8/2020 2:00,19.6,20.69086462,19.6,32.91467945,1282
10/8/2020 3:00,5,5.412759586,5,5.389697935,1427
10/8/2020 4:00,8.4,10.72914338,8.4,12.62172763,1285
10/8/2020 5:00,6.2,6.848622206,6.2,6.97939587,802
10/8/2020 6:00,6.4,8.404832274,6.4,7.634043462,1039
10/8/2020 7:00,4.4,4.311551517,4.4,4.205151032,829
10/8/2020 8:00,5.2,5.583276758,5.2,5.394848968,813
10/8/2020 9:00,3.6,3.688448483,3.6,4.509295182,652
10/8/2020 10:00,9.6,8.803963656,9.6,10.50929518,549.66
10/8/2020 11:00,2.6,2.806379793,2.6,3.769093806,500
10/8/2020 12:00,1.8,4.276557515,1.8,3.488691053,585
10/8/2020 13:00,3.2,3.671725241,3.2,5.018590364,490
10/8/2020 14:00,2,4.800868618,2,4.013439332,426
10/8/2020 15:00,3,4.798452481,3,8.455771093,423
10/8/2020 16:00,12,11.70517172,12,17.91041868,426
10/8/2020 17:00,7.8,7.357757587,7.8,7.605151032,518
10/8/2020 18:00,1.8,1.741034345,1.8,2.254647591,560
10/8/2020 19:00,1.2,1.347414138,1.2,1.719597247,583
10/8/2020 20:00,0.4,0.341034345,0.4,0.335050344,480
10/8/2020 21:00,0.2,0.2,0.2,0.394848968,433
10/8/2020 22:00,0.4,0.989656551,0.4,1.114446215,386
10/8/2020 23:00,1,1.206379793,1,1.129899312,415
10/9/2020 0:00,1.6,1.658965655,1.6,1.340201377,323
10/9/2020 1:00,1,0.941034345,1,0.935050344,435
10/9/2020 2:00,0,0.029482828,0,0,383
10/9/2020 3:00,0,0,0,0,274
10/9/2020 4:00,0,0.029482828,0,0,274
10/9/2020 5:00,0,0,0,0.064949656,240
10/9/2020 6:00,0.4,1.255001999,0.4,1.50414415,200
10/9/2020 7:00,10.6,11.04224241,10.6,10.40515103,205
10/9/2020 8:00,8,7.557757587,8,8,291
10/9/2020 9:00,7.8,10.60086862,7.8,11.04748279,266
10/9/2020 10:00,22,19.25809704,22,16.80402753,377
10/9/2020 11:00,5.6,5.305171724,5.6,4.950503441,350
10/9/2020 12:00,4,3.941034345,4,4,386
10/9/2020 13:00,3.6,4.69086462,3.6,4.054647591,425
10/9/2020 14:00,7.8,10.21759186,7.8,12.47637522,648
10/9/2020 15:00,12.2,13.46776158,12.2,12.71959725,632
10/9/2020 16:00,7,7.619139379,7,9.078388988,540
10/9/2020 17:00,19.4,18.51551517,19.4,21.67323796,682
10/9/2020 18:00,30.6,27.65171724,30.6,23.91018545,700
10/9/2020 19:00,12.2,19.60018972,12.2,27.39821947,1261
10/9/2020 20:00,20.8,18.61827076,20.8,19.76080551,1245
10/9/2020 21:00,75.4,64.96307904,75.4,52.47277148,1386
10/9/2020 22:00,52.8,49.17361221,52.8,41.49875988,1578
10/9/2020 23:00,54.6,51.68120007,54.6,44.27300472,2383
10/10/2020 0:00,43.2,41.37206469,43.2,46.70728142,3709
10/10/2020 1:00,54.8,47.81256987,54.8,49.01948063,3773
10/10/2020 2:00,63.4,54.28980628,63.4,43.46045565,3717
10/10/2020 3:00,26,22.7863718,26,18.66068889,4024
10/10/2020 4:00,53.2,45.44601635,53.2,37.7419819,3775
10/10/2020 5:00,30,26.84533745,30,21.94624267,3279
10/10/2020 6:00,38.8,36.02861421,38.8,28.47300472,3737
10/10/2020 7:00,28.8,24.84930111,28.8,21.0060413,3885
10/10/2020 8:00,21.2,19.63741014,21.2,15.87412822,3279
10/10/2020 9:00,12.8,13.50758786,12.8,10.91645998,3841
10/10/2020 10:00,4.6,4.924311103,4.6,5.37939587,3013
10/10/2020 11:00,7.8,11.27897365,7.8,12.67122419,2411
10/10/2020 12:00,9.8,10.24224241,9.8,8.760805506,2054
10/10/2020 13:00,28.4,29.37293331,28.4,28.20515103,1652
10/10/2020 14:00,6.4,6.458965655,6.4,7.244345526,1415
10/10/2020 15:00,18.4,18.78327676,18.4,14.76281927,1764
10/10/2020 16:00,23.8,21.67723642,23.8,27.43718073,1838
10/10/2020 17:00,13.2,14.08448483,13.2,13.71959725,1943
10/10/2020 18:00,3.6,3.570517172,3.6,7.302130385,2126
10/10/2020 19:00,1.4,1.901208068,1.4,3.413439332,2034
10/10/2020 20:00,2.8,2.947414138,2.8,3.319597247,1864
10/10/2020 21:00,4.4,5.874141378,4.4,3.555654474,1528
10/10/2020 22:00,14.4,12.33620207,14.4,14.27010069,1397
10/10/2020 23:00,3.8,4.949830275,3.8,5.423741397,1133
10/11/2020 0:00,7.8,7.770517172,7.8,7.150503441,1130
10/11/2020 1:00,2.2,2.730690896,2.2,1.810302065,1142
10/11/2020 2:00,1.4,1.871725241,1.4,1.4,1150
10/11/2020 3:00,2,2.501208068,2,3.039194494,1000
10/11/2020 4:00,1.6,1.6,1.6,2.184546903,799
10/11/2020 5:00,4.4,3.987240414,4.4,3.945352409,736
10/11/2020 6:00,1.4,1.812759586,1.4,1.270100688,680
10/11/2020 7:00,5.8,6.655001999,5.8,7.098993117,699
10/11/2020 8:00,8.6,10.66379793,8.6,10.02889243,723
10/11/2020 9:00,18.8,18.62310303,18.8,23.99597247,874
10/11/2020 10:00,20.8,20.00396366,20.8,24.24233176,1094
10/11/2020 11:00,21,19.52585862,21,18.14221514,1739
10/11/2020 12:00,20.2,18.54896166,20.2,17.08241652,1773
10/11/2020 13:00,28.4,27.75137779,28.4,26.45151032,1614
10/11/2020 14:00,27.8,28.655002,27.8,29.03404346,1802
10/11/2020 15:00,25.8,26.24224241,25.8,24.30615791,2159
10/11/2020 16:00,27.8,27.12189497,27.8,23.18857443,2354
10/11/2020 17:00,41.8,43.00879593,41.8,36.47412822,2476
10/11/2020 18:00,24.2,23.43344648,24.2,20.30302065,3128
10/11/2020 19:00,21.6,21.03982628,21.6,20.30100688,3528
10/11/2020 20:00,27.6,23.79671525,27.6,18.89674611,3338
10/11/2020 21:00,9,7.761721243,9,8.935050344,3517
10/11/2020 22:00,24.2,23.96413738,24.2,21.14736617,3621
10/11/2020 23:00,12.4,18.44397965,12.4,17.59597247,3529
10/12/2020 0:00,2.8,5.718799928,2.8,16.56932704,3105
10/12/2020 1:00,3.2,3.730690896,3.2,11.51355595,2419
10/12/2020 2:00,0.6,0.629482828,0.6,0.664949656,1851
10/12/2020 3:00,0,0.353793931,0,0.064949656,1185
10/12/2020 4:00,0.2,0.31793131,0.2,0.524748279,1091
10/12/2020 5:00,0.2,2.027935309,0.2,1.888691053,956
10/12/2020 6:00,3,3.206379793,3,2.350503441,903
10/12/2020 7:00,0.8,0.8,0.8,1.059798623,805
10/12/2020 8:00,0,0,0,0,761
10/12/2020 9:00,0.2,0.2,0.2,0.2,979
10/12/2020 10:00,0,0,0,0,637
10/12/2020 11:00,0,0.088448483,0,0,648
10/12/2020 12:00,0.4,0.341034345,0.4,0.270100688,771
10/12/2020 13:00,1.6,1.36413738,1.6,1.080402753,630
10/12/2020 14:00,1,1.825519172,1,0.675251721,570.9
10/12/2020 15:00,0,9.434504818,0,3.702130385,533.68
10/12/2020 16:00,7.4,10.05345448,7.4,7.854647591,406.26
10/12/2020 17:00,27.4,23.39033545,27.4,25.90615791,435
10/12/2020 18:00,12.8,10.91309904,12.8,9.097869615,570
10/12/2020 19:00,0.2,0.170517172,0.2,0.135050344,378
10/12/2020 20:00,0,0,0,0,634
10/12/2020 21:00,0,1.503624205,0,1.10414415,498
10/12/2020 22:00,0,0.737070689,0,1.688691053,386
10/12/2020 23:00,1.4,7.67984227,1.4,9.193958705,297
10/13/20 0:00,8.4,10.46379793,8.4,26.0663064,802
10/13/20 1:00,12.4,13.54983027,12.4,15.1928352,968
10/13/20 2:00,2.2,2.730690896,2.2,2.914446215,723
10/13/20 3:00,1.2,2.29086462,1.2,5.096979352,602
10/13/20 4:00,0.4,2.670177722,0.4,1.698993117,559
10/13/20 5:00,4.4,5.019139379,4.4,4.659798623,520
10/13/20 6:00,3.2,4.261381792,3.2,4.174244838,462
10/13/20 7:00,4.6,6.162589861,4.6,3.950503441,611
10/13/20 8:00,5.4,5.606379793,5.4,6.049496559,651
10/13/20 9:00,2.6,2.747414138,2.6,4.938187611,722
10/13/20 10:00,2.2,2.465345448,2.2,5.18768417,655
10/13/20 11:00,7.2,6.669309104,7.2,6.42060413,638
10/13/20 12:00,14.6,12.86051317,14.6,10.70302065,637
10/13/20 13:00,5.8,5.151377794,5.8,6.449496559,647
10/13/20 14:00,8.2,7.551377794,8.2,6.706157915,615
10/13/20 15:00,0.6,1.012759586,0.6,3.847482794,843
10/13/20 16:00,2.2,2.023103035,2.2,1.680402753,755
10/13/20 17:00,1.6,1.688448483,1.6,1.145352409,766
10/13/20 18:00,3.8,3.269309104,3.8,3.410302065,752
10/13/20 19:00,3.2,3.08206869,3.2,2.810302065,759
10/13/20 20:00,2.6,2.452585862,2.6,2.924748279,692
10/13/20 21:00,2.8,2.829482828,2.8,1.955654474,683
10/13/20 22:00,1.4,1.252585862,1.4,1.075251721,577
10/13/20 23:00,2,2.088448483,2,1.805151032,716
10/14/20 0:00,2.4,2.341034345,2.4,1.62060413,563
10/14/20 1:00,1.6,2.189656551,1.6,1.080402753,522
10/14/20 2:00,0.4,0.458965655,0.4,0.529899312,506
10/14/20 3:00,2,1.823103035,2,1.480402753,501
10/14/20 4:00,0.6,0.570517172,0.6,0.405151032,482
10/14/20 5:00,0,0.029482828,0,0,466
10/14/20 6:00,0,0,0,0,460
10/14/20 7:00,0,0,0,0,342
10/14/20 8:00,0,0,0,0,513
10/14/20 9:00,0,0,0,0,382
10/14/20 10:00,0,0,0,0,346
10/14/20 11:00,0.2,0.170517172,0.2,0.135050344,310
10/14/20 12:00,0,0,0,0,319
10/14/20 13:00,0,0,0,0,332
10/14/20 14:00,0,0,0,0,373
10/14/20 15:00,0,0,0,0,257
10/14/20 16:00,0,0,0,0,303
10/14/20 17:00,0,0,0,0,299
10/14/20 18:00,0,0,0,0,464
10/14/20 19:00,0,0,0,0,395
10/14/20 20:00,0,0,0,0,242
10/14/20 21:00,0,0,0,0,351
10/14/20 22:00,0,0,0,0,316
10/14/20 23:00,0,0,0,0,322
10/15/20 0:00,0,0,0,0,304
10/15/20 1:00,0,0,0,0,317
10/15/20 2:00,0,0,0,0,293
10/15/20 3:00,0,0,0,0,290
10/15/20 4:00,0,0,0,0,292
10/15/20 5:00,0,0,0,0,225
10/15/20 6:00,0.2,0.170517172,0.2,0.135050344,344
10/15/20 7:00,0.2,0.2,0.2,0.135050344,234
10/15/20 8:00,0,0.147414138,0,0,237
10/15/20 9:00,0,0,0,0,250
10/15/20 10:00,0,0,0,0,200
10/15/20 11:00,0,0,0,0,394
10/15/20 12:00,0,0,0,0,250
10/15/20 13:00,0,0,0,1.428892429,199
10/15/20 14:00,0,0,0,2.533036579,222
10/15/20 15:00,0,0,0,0,230
10/15/20 16:00,0,0.029482828,0,0.454647591,171
10/15/20 17:00,0,0,0,0.064949656,204
10/15/20 18:00,0.2,0.170517172,0.2,0.2,193
10/15/20 19:00,0.2,0.2,0.2,0.135050344,145
10/15/20 20:00,0,0,0,0,127
10/15/20 21:00,0,0.029482828,0,0,140
10/15/20 22:00,0,0.058965655,0,0.129899312,119
10/15/20 23:00,1.2,1.43586262,1.2,0.875251721,149
10/16/20 0:00,0.8,0.829482828,0.8,0.605151032,102
10/16/20 1:00,0.8,0.711551517,0.8,0.540201377,111
10/16/20 2:00,0.2,0.642242413,0.2,1.044345526,125
10/16/20 3:00,3.2,3.141034345,3.2,2.550503441,100
10/16/20 4:00,3,5.358626205,3,6.767080041,123
10/16/20 5:00,9,8.262929311,9,9.519597247,328
10/16/20 6:00,3.8,3.328274759,3.8,2.760805506,144
10/16/20 7:00,4,3.439826276,4,2.701006883,200
10/16/20 8:00,0.8,2.804832274,0.8,2.163942773,130
10/16/20 9:00,7.6,7.216723242,7.6,9.678388988,208
10/16/20 10:00,1.8,1.623103035,1.8,1.475251721,268
10/16/20 11:00,1.6,1.688448483,1.6,1.535050344,271
10/16/20 12:00,3.6,4.513967654,3.6,4.37939587,311
10/16/20 13:00,9.4,12.52517972,9.4,9.659798623,261
10/16/20 14:00,30.6,29.65654952,30.6,25.53392684,648
10/16/20 15:00,47.4,48.75621007,47.4,48.56909381,784
10/16/20 16:00,69.8,61.51532546,69.8,54.99147846,1571
10/16/20 17:00,52.4,45.4420527,52.4,38.82552192,2711
10/16/20 18:00,4.6,4.039826276,4.6,3.301006883,3471
10/16/20 19:00,0,0.029482828,0,0.064949656,3222
10/16/20 20:00,0.2,0.170517172,0.2,0.135050344,1886
10/16/20 21:00,0,0.265345448,0,0.064949656,1026
10/16/20 22:00,0.2,0.730690896,0.2,0.719597247,632
10/16/20 23:00,0,0.206379793,0,0.064949656,597
10/17/20 0:00,0,0.353793931,0,0.129899312,621
10/17/20 1:00,7,7.501208068,7,7.389697935,533
10/17/20 2:00,6.4,7.402416137,6.4,7.634043462,544.49
10/17/20 3:00,14.2,12.75534145,14.2,11.60201377,555.72
10/17/20 4:00,0.8,2.12672724,0.8,1.449496559,597.53
10/17/20 5:00,0.8,5.163458478,0.8,10.02285113,703
10/17/20 6:00,19.2,19.22948283,19.2,24.65577109,959
10/17/20 7:00,44.8,40.37757587,44.8,36.22664542,834
10/17/20 8:00,39.6,36.65171724,39.6,33.75453097,1497
10/17/20 9:00,49.8,44.81740214,49.8,37.65441435,1400
10/17/20 10:00,30.2,28.57844448,30.2,23.5751351,2049
10/17/20 11:00,36.4,32.83257787,36.4,26.397753,2467
10/17/20 12:00,26.8,23.79275159,26.8,23.29271858,2865
10/17/20 13:00,7.8,6.856549518,7.8,6.760805506,2850
10/17/20 14:00,1.2,1.258965655,1.2,1.135050344,2097
10/17/20 15:00,0.6,3.990525169,0.6,0.924748279,1483
10/17/20 16:00,40.4,34.9456769,40.4,31.63179646,995
10/17/20 17:00,20.6,17.85809704,20.6,14.29988338,1265
10/17/20 18:00,0.4,0.547414138,0.4,0.594848968,1458
10/17/20 19:00,0.4,0.341034345,0.4,0.270100688,1006
10/17/20 20:00,0,0.294828276,0,0.194848968,975
10/17/20 21:00,3.8,7.868630203,3.8,17.76417601,985
10/17/20 22:00,1.2,1.701208068,1.2,5.356777976,895
10/17/20 23:00,0.2,0.288448483,0.2,0.329899312,811
10/18/20 0:00,0,0,0,0,741
10/18/20 1:00,0,0,0,0,655
10/18/20 2:00,0.2,0.2,0.2,0.135050344,677
10/18/20 3:00,0,0,0,0,607
10/18/20 4:00,0,0,0,0,604
10/18/20 5:00,0,0,0,0,530
10/18/20 6:00,0,0,0,0,317
10/18/20 7:00,0,0,0,0,528
10/18/20 8:00,0,0,0,0,382
10/18/20 9:00,0,0,0,0,382
10/18/20 10:00,0,0,0,0,342
10/18/20 11:00,0,0,0,0,216
10/18/20 12:00,0,0,0,0,267
10/18/20 13:00,0,0,0,0,328
10/18/20 14:00,0,0,0,0,351
10/18/20 15:00,0,3.508456479,0,0.389697935,418
10/18/20 16:00,22.4,19.62861421,22.4,15.12563854,515
10/18/20 17:00,11,9.378444484,11,7.427768927,602
10/18/20 18:00,19.6,16.74016573,19.6,14.07927925,905
10/18/20 19:00,17.8,15.29395966,17.8,17.92989931,647
10/18/20 20:00,2.2,1.905171724,2.2,1.615453097,752
10/18/20 21:00,1.8,1.91793131,1.8,1.215453097,533
10/18/20 22:00,0,2.447074687,0,1.10414415,551
10/18/20 23:00,0.8,1.596036344,0.8,1.319597247,436
10/19/20 0:00,0,0,0,0.064949656,420
10/19/20 1:00,0,0.11793131,0,0,367
10/19/20 2:00,0,0.383276758,0,0.064949656,380
10/19/20 3:00,0.2,0.524311103,0.2,0.784546903,704
10/19/20 4:00,0.2,0.2,0.2,0.135050344,535
10/19/20 5:00,0,0.029482828,0,0,271
10/19/20 6:00,0,0,0,0,346
10/19/20 7:00,0.2,0.170517172,0.2,0.264949656,339
10/19/20 8:00,0.2,0.170517172,0.2,0.2,309
10/19/20 9:00,0,0,0,0,310
10/19/20 10:00,0,0,0,0,299
10/19/20 11:00,0,0,0,0.064949656,294
10/19/20 12:00,0,0,0,0.259798623,264
10/19/20 13:00,0,0,0,0,308
10/19/20 14:00,0,0.029482828,0,0,280
10/19/20 15:00,0,0.029482828,0,0,272
10/19/20 16:00,0,0,0,0,271
10/19/20 17:00,0,0,0,0,267
10/19/20 18:00,0,0,0,0,320
10/19/20 19:00,0,0,0,0,198
10/19/20 20:00,0,0,0,0,310
10/19/20 21:00,0,0,0,0,171
10/19/20 22:00,0,0.029482828,0,0,285
10/19/20 23:00,0,0,0,0,285
10/20/20 0:00,0,0,0,0,261
10/20/20 1:00,0,0,0,0,244
10/20/20 2:00,0,0.619139379,0,0,241
10/20/20 3:00,0.8,2.834315101,0.8,1.709295182,243
10/20/20 4:00,3.4,3.871725241,3.4,4.17939587,337
10/20/20 5:00,4.6,4.688448483,4.6,5.249496559,265
10/20/20 6:00,4.4,5.019139379,4.4,5.049496559,731
10/20/20 7:00,4.6,4.48206869,4.6,4.859798623,223
10/20/20 8:00,3.2,3.229482828,3.2,3.524748279,244
10/20/20 9:00,4.2,4.08206869,4.2,4.264949656,419
10/20/20 10:00,4.6,4.6,4.6,4.080402753,291
10/20/20 11:00,4.4,4.871725241,4.4,4.4,533
10/20/20 12:00,5.4,5.223103035,5.4,4.945352409,319
10/20/20 13:00,0.2,0.288448483,0.2,0.524748279,302
10/20/20 14:00,0,0.501208068,0,0.649496559,349
10/20/20 15:00,1,1.619139379,1,1.714446215,265
10/20/20 16:00,2,2.029482828,2,2.714446215,312
10/20/20 17:00,2.8,3.861381792,2.8,3.449496559,278
10/20/20 18:00,5.8,7.745866619,5.8,7.68354002,295
10/20/20 19:00,5.8,5.652585862,5.8,7.358791741,293
10/20/20 20:00,0.2,1.231898964,0.2,1.563942773,235
10/20/20 21:00,5.4,8.908456479,5.4,10.20627453,365
10/20/20 22:00,11,12.56258986,11,10.28555379,452
10/20/20 23:00,16.6,14.30033945,16.6,14.06696342,512
10/21/20 0:00,21.2,18.16326876,21.2,14.51018545,571
10/21/20 1:00,41.6,36.20464256,41.6,29.19461573,1282
10/21/20 2:00,25.4,21.68516373,25.4,17.21634336,1773
10/21/20 3:00,16.8,14.32344249,16.8,11.34422891,1953
10/21/20 4:00,4.2,3.580860621,4.2,2.836057227,1485
10/21/20 5:00,1.6,1.36413738,1.6,1.080402753,860
10/21/20 6:00,1.6,1.36413738,1.6,1.080402753,669
10/21/20 7:00,0,0,0,0,546
10/21/20 8:00,0,0,0,0,455
10/21/20 9:00,0,0,0,0,430
10/21/20 10:00,0,0,0,0.064949656,446
10/21/20 11:00,10.4,9.368101036,10.4,7.41231583,341
10/21/20 12:00,1.6,1.36413738,1.6,1.080402753,352
10/21/20 13:00,0.4,0.341034345,0.4,0.270100688,312
10/21/20 14:00,0.6,0.511551517,0.6,0.405151032,408
10/21/20 15:00,3.8,3.239826276,3.8,2.565956538,771
10/21/20 16:00,0,0,0,0,306
10/21/20 17:00,0.2,0.170517172,0.2,0.135050344,298
10/21/20 18:00,0,0,0,0,375
10/21/20 19:00,0,0,0,0,300
10/21/20 20:00,0,0,0,0,327
10/21/20 21:00,0,0,0,0,313
10/21/20 22:00,0,0,0,0,310
10/21/20 23:00,0,0,0,0,285
10/22/20 0:00,0,0,0,0,941
10/22/20 1:00,0,0,0,0,149
10/22/20 2:00,0,0,0,0,331
10/22/20 3:00,0,0.058965655,0,0,261
10/22/20 4:00,0,0.176896965,0,0,258
10/22/20 5:00,0.4,0.341034345,0.4,0.4,260
10/22/20 6:00,0.6,0.541034345,0.6,0.535050344,199
10/22/20 7:00,0,0,0,0,301
10/22/20 8:00,0,0,0,0,265
10/22/20 9:00,0,0,0,0,220
10/22/20 10:00,0.2,0.170517172,0.2,0.135050344,241
10/22/20 11:00,0.6,0.511551517,0.6,0.405151032,221
10/22/20 12:00,0.4,0.341034345,0.4,0.270100688,213
10/22/20 13:00,0.4,0.341034345,0.4,0.270100688,240
10/22/20 14:00,0.2,0.170517172,0.2,0.135050344,225
10/22/20 15:00,0,0.029482828,0,0.064949656,219
10/22/20 16:00,0.2,0.170517172,0.2,0.264949656,205
10/22/20 17:00,0,0,0,0.064949656,238
10/22/20 18:00,0,0,0,0,229
10/22/20 19:00,0.2,0.170517172,0.2,0.135050344,176
10/22/20 20:00,0,0,0,0,170
10/22/20 21:00,0,0,0,0,233
10/22/20 22:00,0,0,0,0,210
10/22/20 23:00,0,0,0,0,204
10/23/20 0:00,0,0,0,0,150
10/23/20 1:00,0,0,0,0,178
10/23/20 2:00,0,0,0,0,261
10/23/20 3:00,0,0,0,0,303
10/23/20 4:00,0,0,0,0.064949656,238
10/23/20 5:00,0,0,0,0,99
10/23/20 6:00,0,0,0,0,195
10/23/20 7:00,0,0,0,0,181
10/23/20 8:00,0,0,0,0,158
10/23/20 9:00,0,0,0,0,116
10/23/20 10:00,0,0,0,0,210
10/23/20 11:00,0,0,0,0,131
10/23/20 12:00,0,0,0,0,155
10/23/20 13:00,0,0,0,0,135
10/23/20 14:00,0,0,0,0,154
10/23/20 15:00,0,0,0,0,142
10/23/20 16:00,0,0,0,0,122
10/23/20 17:00,0,0,0,0,180
10/23/20 18:00,0,0,0,0,124
10/23/20 19:00,0,0,0,0,137
10/23/20 20:00,0,0,0,0,125
10/23/20 21:00,0,0,0,0,127
10/23/20 22:00,0,0,0,0,145
10/23/20 23:00,0,0,0,0,191
10/24/20 0:00,0,0,0,0,186
10/24/20 1:00,0,0,0,0,185
10/24/20 2:00,0,0,0,0,180
10/24/20 3:00,0,0,0,0,179
10/24/20 4:00,0,0,0,0,179
10/24/20 5:00,0,0,0,0,240
10/24/20 6:00,0,0,0,0,279
10/24/20 7:00,0,0,0,0,128
10/24/20 8:00,0,0,0,0,152
10/24/20 9:00,0.0078125,0.006660827,0.0078125,0.005275404,207
10/24/20 10:00,0.0078125,0.007812574,0.0078125,0.005275404,157
10/24/20 11:00,0,0,0,0,145
10/24/20 12:00,0,0.001151747,0,0,168
10/24/20 13:00,0.015625,0.013321654,0.015625,0.010550808,124
10/24/20 14:00,0.0234375,0.019982481,0.0234375,0.015826212,160
10/24/20 15:00,0,0,0,0,184
10/24/20 16:00,0,0,0,0,198
10/24/20 17:00,0,0,0,0,153
10/24/20 18:00,0,0.004606692,0,0.01268548,177
10/24/20 19:00,0,0.005758291,0,0.005074192,177
10/24/20 20:00,0,0,0,0,171
10/24/20 21:00,0,0,0,0,167
10/24/20 22:00,0,0.029482828,0,0,164
10/24/20 23:00,0,0.11793131,0,0,174
10/25/20 0:00,0,0,0,0,159
10/25/20 1:00,0,0.147414138,0,0,164
10/25/20 2:00,0,0.23586262,0,0.064949656,162
10/25/20 3:00,0,0.471725241,0,0.129899312,170
10/25/20 4:00,2,2.796036344,2,2.389697935,167
10/25/20 5:00,5,5.648622206,5,5.974244838,180
10/25/20 6:00,7.6,7.924311103,7.6,7.6,202
10/25/20 7:00,9.8,10.1243111,9.8,8.955654474,207
10/25/20 8:00,6,6.796036344,6,5.935050344,229
10/25/20 9:00,5,5.471725241,5,5.324748279,226
10/25/20 10:00,4,4.707587861,4,4.259798623,251
10/25/20 11:00,3,3.11793131,3,3.129899312,225
10/25/20 12:00,1.2,1.229482828,1.2,1.2,244
10/25/20 13:00,0.4,0.429482828,0.4,0.270100688,219
10/25/20 14:00,0.6,0.570517172,0.6,0.405151032,213
10/25/20 15:00,0.2,0.258965655,0.2,0.2,143
10/25/20 16:00,0,0,0,0,243
10/25/20 17:00,0,0,0,0,170
10/25/20 18:00,0,0,0,0,184
10/25/20 19:00,0,0,0,0,167
10/25/20 20:00,0,0,0,0,185
10/25/20 21:00,0,0,0,0,160
10/25/20 22:00,0,0,0,0,155
10/25/20 23:00,0.2,0.170517172,0.2,0.135050344,169
10/26/20 0:00,0,0,0,0,164
10/26/20 1:00,0,0,0,0,164
10/26/20 2:00,0,0,0,0,132
10/26/20 3:00,0,0,0,0,137
10/26/20 4:00,0,0,0,0,137
10/26/20 5:00,0,0,0,0.064949656,187
10/26/20 6:00,0,0,0,0,136
10/26/20 7:00,0,0,0,0,136
10/26/20 8:00,0,0,0,0,166
10/26/20 9:00,0,0,0,0,150
10/26/20 10:00,0,0,0,0,84
10/26/20 11:00,0,0,0,0,133
10/26/20 12:00,0,0,0,0,108
10/26/20 13:00,0,0,0,0,111
10/26/20 14:00,0,0,0,0,102
10/26/20 15:00,0,0,0,0,83
10/26/20 16:00,0,0,0,0,134
10/26/20 17:00,0,0,0,0,123
10/26/20 18:00,0,0,0,0,126
10/26/20 19:00,0,0,0,0.129899312,128
10/26/20 20:00,0,0,0,0,128
10/26/20 21:00,0,0,0,0,128
10/26/20 22:00,0,0.176896965,0,0,145
10/26/20 23:00,0,0.206379793,0,0.259798623,145
10/27/20 0:00,0,0.324311103,0,0.389697935,54
10/27/20 1:00,0.8,1.330690896,0.8,2.034043462,129
10/27/20 2:00,0.2,0.288448483,0.2,0.524748279,139
10/27/20 3:00,0.4,0.341034345,0.4,0.789697935,125
10/27/20 4:00,1.4,1.193620207,1.4,0.945352409,223
10/27/20 5:00,0,0,0,0,128
10/27/20 6:00,0,0,0,0,120
10/27/20 7:00,0,0,0,0,128
10/27/20 8:00,0,0,0,0,128
10/27/20 9:00,0,0,0,0,120
10/27/20 10:00,0,0,0,0,128
10/27/20 11:00,0,0,0,0,122
10/27/20 12:00,0,0,0,0,108
10/27/20 13:00,0,0,0,0,100
10/27/20 14:00,0,0,0,0,117
10/27/20 15:00,0,0,0,0,119
10/27/20 16:00,0,0,0,0,133
10/27/20 17:00,0,0,0,0,144
10/27/20 18:00,0,0,0,0,147
10/27/20 19:00,0.4,0.4,0.4,0.270100688,153
10/27/20 20:00,5.4,4.780860621,5.4,3.711308947,208
10/27/20 21:00,5.4,5.193620207,5.4,4.036057227,169
10/27/20 22:00,13.6,12.36172124,13.6,12.17110757,398
10/27/20 23:00,8.6,7.980860621,8.6,6.846359291,428
10/28/20 0:00,10.2,11.32034745,10.2,8.31645998,503
10/28/20 1:00,13.4,14.04862221,13.4,12.68555379,493
10/28/20 2:00,32,30.85016973,32,29.01231583,409
10/28/20 3:00,32,30.02465055,32,26.93392684,459
10/28/20 4:00,33,31.20154752,33,27.4143296,829
10/28/20 5:00,37.6,33.91464656,37.6,30.32563854,1232
10/28/20 6:00,42.2,37.45326476,42.2,31.41835713,1705
10/28/20 7:00,31.8,28.26206069,31.8,25.11018545,1691
10/28/20 8:00,15.8,14.32585862,15.8,11.12362478,1525
10/28/20 9:00,23.8,21.234994,23.8,17.56483304,1640
10/28/20 10:00,18.6,16.74258186,18.6,12.559682,1582
10/28/20 11:00,29,26.81827076,29,22.69988338,1568
10/28/20 12:00,35.6,31.76723242,35.6,26.44209852,1752
10/28/20 13:00,27.8,24.40947483,27.8,20.5905882,2090
10/28/20 14:00,23.2,20.22223442,23.2,16.5751351,2452
10/28/20 15:00,18.4,16.3656849,18.4,14.17827237,2478
10/28/20 16:00,15.4,13.77844448,15.4,11.43807099,2502
10/28/20 17:00,5.2,4.993620207,5.2,3.511308947,2512
10/28/20 18:00,2.8,2.475688897,2.8,2.150503441,1979
10/28/20 19:00,1,0.852585862,1,0.740201377,1410
10/28/20 20:00,0.2,0.2,0.2,0.2,1513
10/28/20 21:00,0,0.029482828,0,0,1144
10/28/20 22:00,0,0,0,0,936
10/28/20 23:00,0,0,0,0.064949656,807
10/29/20 0:00,0,0,0,0,724
10/29/20 1:00,0,0,0,0,683
10/29/20 2:00,0,0,0,0,606
10/29/20 3:00,0.2,0.170517172,0.2,0.135050344,584
10/29/20 4:00,0,0,0,0,542
10/29/20 5:00,0,0,0,0,506
10/29/20 6:00,0,0,0,0,506
10/29/20 7:00,0,0,0,0,459
10/29/20 8:00,0,0,0,0,438
10/29/20 9:00,0,0,0,0,347
10/29/20 10:00,0,0,0,0,380
10/29/20 11:00,0,0,0,0,336
10/29/20 12:00,0,0,0,0,372
10/29/20 13:00,0,0,0,0,313
10/29/20 14:00,0,0,0,0,298
10/29/20 15:00,0,0,0,0,235
10/29/20 16:00,0,0,0,0,360
10/29/20 17:00,0,0,0,0,288
10/29/20 18:00,0,0,0,0,291
10/29/20 19:00,0,0,0,0,299
10/29/20 20:00,0,0,0,0,277
10/29/20 21:00,0,0,0,0,266
10/29/20 22:00,0,0,0,0,296
10/29/20 23:00,0,0,0,0,260
10/30/20 0:00,0,0,0,0,114
10/30/20 1:00,0,0,0,0,186
10/30/20 2:00,0,0,0,0,313
10/30/20 3:00,0,0,0,0,263
10/30/20 4:00,0,0,0,0,244
10/30/20 5:00,0,0,0,0,194
10/30/20 6:00,0,0,0,0,285
10/30/20 7:00,0,0,0,0,263
10/30/20 8:00,0,0.23586262,0,0,237.393
10/30/20 9:00,0,0.619139379,0,0.129899312,237.423
10/30/20 10:00,0,0,0,0.064949656,201.936
10/30/20 11:00,0,0.058965655,0,0,196.015
10/30/20 12:00,0,0,0,0.194848968,125.103
10/30/20 13:00,4,3.439826276,4,2.830906194,142.772
10/30/20 14:00,0.2,0.170517172,0.2,0.459798623,151.626
10/30/20 15:00,0,0,0,0,205.363
10/30/20 16:00,0,0,0,0,199.353
10/30/20 17:00,0,0,0,0,199.278
10/30/20 18:00,0,0.029482828,0,0.454647591,181.487
10/30/20 19:00,1.4,1.193620207,1.4,1.075251721,122.307
10/30/20 20:00,0,0.029482828,0,0,222.425
10/30/20 21:00,0,0.353793931,0,0,198.52
10/30/20 22:00,4,4.11793131,4,2.701006883,215.946
10/30/20 23:00,1.4,1.576896965,1.4,1.594848968,192.056
10/31/20 0:00,3,2.88206869,3,2.935050344,233.128
10/31/20 1:00,0,0.176896965,0,0.194848968,221.067
10/31/20 2:00,0.2,0.760173724,0.2,0.2,214.896
10/31/20 3:00,0,0.23586262,0,0,161.443
10/31/20 4:00,0,0.088448483,0,0,202.51
10/31/20 5:00,0,0.029482828,0,0,196.35
10/31/20 6:00,0.4,0.4,0.4,0.270100688,190.26
10/31/20 7:00,0.4,0.458965655,0.4,0.335050344,201.847
10/31/20 8:00,0,0.176896965,0,0.194848968,189.813
10/31/20 9:00,1.8,2.242242413,1.8,1.410302065,171.841
10/31/20 10:00,1.8,1.623103035,1.8,1.994848968,183.404
10/31/20 11:00,0.6,0.776896965,0.6,0.989697935,230.447
10/31/20 12:00,0.4,0.871725241,0.4,0.854647591,242.019
10/31/20 13:00,0.4,0.341034345,0.4,1.569093806,194.61
10/31/20 14:00,2.8,2.446206069,2.8,1.890704818,229.834
10/31/20 15:00,0,0.029482828,0,0.194848968,288.193
10/31/20 16:00,0,0,0,0,240.811
10/31/20 17:00,0,0.088448483,0,0,246.505
10/31/20 18:00,0,0.088448483,0,0,252.27
10/31/20 19:00,0.8,0.68206869,0.8,0.540201377,253
10/31/20 20:00,0,0.029482828,0,0,234.158
10/31/20 21:00,0,0.029482828,0,0,204.453
10/31/20 22:00,0.6,0.6,0.6,0.729899312,208
10/31/20 23:00,4.2,3.580860621,4.2,2.836057227,221.775
11/1/2020 0:00,0.6,0.570517172,0.6,0.470100688,215.792
11/1/2020 1:00,0,0.029482828,0,0,174
11/1/2020 2:00,0.4,0.488448483,0.4,0.270100688,227.148
11/1/2020 3:00,0,0.471725241,0,1.753640709,221.017
11/1/2020 4:00,3.2,2.787240414,3.2,2.485553785,214.919
11/1/2020 5:00,0,0.560173724,0,0.324748279,220.636
11/1/2020 6:00,0.2,0.2,0.2,2.213439332,202.716
11/1/2020 7:00,0.4,0.429482828,0.4,0.4,208.434
11/1/2020 8:00,0,0,0,0,166.817
11/1/2020 9:00,0,0,0,0,178.374
11/1/2020 10:00,0,0,0,0,166.337
11/1/2020 11:00,0,0,0,0,160.151
11/1/2020 12:00,0,0.058965655,0,0.064949656,165.696
11/1/2020 13:00,0,0,0,0,165.33
11/1/2020 14:00,0,0,0,0,164.975
11/1/2020 15:00,0,0,0,0,152.735
11/1/2020 16:00,0,0,0,0,146.469
11/1/2020 17:00,0,0,0,0,157.881
11/1/2020 18:00,0,0,0,0,151.596
11/1/2020 19:00,0,0.058965655,0,0,139.363
11/1/2020 20:00,0,0,0,0.714446215,168.534
11/1/2020 21:00,0.2,0.170517172,0.2,0.135050344,144.555
11/1/2020 22:00,0,0,0,0,167.731
11/1/2020 23:00,0,0,0,0,155.576
11/2/2020 0:00,0,0,0,0,178.856
11/2/2020 1:00,0,0,0,0.974244838,166.705
11/2/2020 2:00,0,0,0,0.064949656,160.448
11/2/2020 3:00,0,0,0,0,165.991
11/2/2020 4:00,0,0,0,0,159.689
11/2/2020 5:00,0,0.029482828,0,0,129.782
11/2/2020 6:00,0,0,0,0,176.707
11/2/2020 7:00,0,0,0,0,140.824
11/2/2020 8:00,0,0,0,0,181.807
11/2/2020 9:00,0,0,0,0,341.818
11/2/2020 10:00,0,0.029482828,0,0,95.215
11/2/2020 11:00,0,0,0,0,140.629
11/2/2020 12:00,0,0,0,0,147.764
11/2/2020 13:00,0,0,0,0,178.424
11/2/2020 14:00,0,0,0,0,153.325
11/2/2020 15:00,0,0,0,0,153.267
11/2/2020 16:00,0,0,0,0,148.108
11/2/2020 17:00,0,0,0,0,198.051
11/2/2020 18:00,0,0,0,0,137.971
11/2/2020 19:00,0,0,0,0,167.847
11/2/2020 20:00,0,0,0,0,157.76
11/2/2020 21:00,0,0,0,0,157.651
11/2/2020 22:00,0,0,0,0,167.538
11/2/2020 23:00,0,0,0,0,167.454
11/3/2020 0:00,0,0,0,0,162.345
11/3/2020 1:00,0,0.088448483,0,0,162.259
11/3/2020 2:00,0,0.176896965,0,0,157.148
11/3/2020 3:00,0,0,0,0,167.047
11/3/2020 4:00,0,0.029482828,0,0,146.94
11/3/2020 5:00,0,0,0,0,151.829
11/3/2020 6:00,0,0,0,0,161.721
11/3/2020 7:00,0.2,0.170517172,0.2,0.135050344,156.655
11/3/2020 8:00,0,0,0,0,146.46
11/3/2020 9:00,0,0,0,0,166.388
11/3/2020 10:00,0,0,0,0.064949656,146.297
11/3/2020 11:00,0,0,0,0,146.193
11/3/2020 12:00,0,0,0,0,161.081
11/3/2020 13:00,0,0,0,0,150.983
11/3/2020 14:00,0,0,0,0,147.485
11/3/2020 15:00,0,0,0,0,167.442
11/3/2020 16:00,0,0,0,0,121.935
11/3/2020 17:00,0,0,0,0,111.936
11/3/2020 18:00,0,0.029482828,0,0,116.925
11/3/2020 19:00,0.2,0.2,0.2,0.135050344,116.896
11/3/2020 20:00,0,0,0,0,141.915
11/3/2020 21:00,0.4,0.341034345,0.4,0.270100688,136.898
11/3/2020 22:00,0.2,0.170517172,0.2,0.135050344,146.897
11/3/2020 23:00,1,0.852585862,1,0.675251721,141.881
11/4/2020 0:00,0.4,0.341034345,0.4,0.270100688,141.893
11/4/2020 1:00,0.4,0.341034345,0.4,0.4,131.873
11/4/2020 2:00,0.2,0.170517172,0.2,0.914446215,136.86
11/4/2020 3:00,4.6,5.80879593,4.6,3.560805506,146.867
11/4/2020 4:00,4,3.498791932,4,2.701006883,161.863
11/4/2020 5:00,0,0.176896965,0,0,171.869
11/4/2020 6:00,0,0.058965655,0,0,141.846
11/4/2020 7:00,0,0,0,0,126.849
11/4/2020 8:00,0,0,0,0,141.856
11/4/2020 9:00,0.2,0.288448483,0.2,0.135050344,151.831
11/4/2020 10:00,0.2,0.229482828,0.2,0.135050344,136.854
11/4/2020 11:00,0,0.029482828,0,0,136.822
11/4/2020 12:00,0,0.029482828,0,0,151.832
11/4/2020 13:00,0.2,0.170517172,0.2,0.135050344,131.818
11/4/2020 14:00,0,0,0,0,146.801
11/4/2020 15:00,0,0,0,0,141.82
11/4/2020 16:00,0,0,0,0,126.797
11/4/2020 17:00,0,0,0,0,136.785
11/4/2020 18:00,0,0,0,0,121.786
11/4/2020 19:00,0.4,0.341034345,0.4,0.270100688,126.778
11/4/2020 20:00,0.2,0.170517172,0.2,0.135050344,131.751
11/4/2020 21:00,0.2,0.170517172,0.2,0.135050344,151.761
11/4/2020 22:00,0.2,0.524311103,0.2,0.2,121.746
11/4/2020 23:00,0.4,0.341034345,0.4,0.270100688,141.727
11/5/2020 0:00,0,0,0,0,131.721
11/5/2020 1:00,0.6,0.629482828,0.6,0.405151032,121.702
11/5/2020 2:00,0.2,0.258965655,0.2,0.264949656,136.697
11/5/2020 3:00,0.4,0.458965655,0.4,1.17939587,131.676
11/5/2020 4:00,1.6,1.6,1.6,1.859798623,126.678
11/5/2020 5:00,1.2,1.141034345,1.2,0.940201377,146.67
11/5/2020 6:00,1,1.029482828,1,0.935050344,121.655
11/5/2020 7:00,2,1.911551517,2,1.545352409,126.635
11/5/2020 8:00,1.6,1.423103035,1.6,1.340201377,126.621
11/5/2020 9:00,1.8,1.741034345,1.8,1.215453097,131.611
11/5/2020 10:00,0.8,1.124311103,0.8,0.670100688,131.607
11/5/2020 11:00,1.6,2.513967654,1.6,2.314446215,131.588
11/5/2020 12:00,1.6,2.455001999,1.6,2.444345526,156.585
11/5/2020 13:00,3,4.297244413,3,3.714446215,156.583
11/5/2020 14:00,9.4,10.84465855,9.4,12.38768417,196.6
11/5/2020 15:00,8.8,8.770517172,8.8,8.540201377,201.617
11/5/2020 16:00,8.2,7.433446484,8.2,7.745352409,216.772
11/5/2020 17:00,5.4,5.193620207,5.4,4.555654474,212.044
11/5/2020 18:00,3.6,4.130690896,3.6,3.859798623,206.161
11/5/2020 19:00,4,4.619139379,4,5.169093806,261.188
11/5/2020 20:00,2.8,2.829482828,2.8,2.540201377,256.239
11/5/2020 21:00,3.4,3.311551517,3.4,3.140201377,251.264
11/5/2020 22:00,4,4.530690896,4,3.805151032,241.284
11/5/2020 23:00,2.4,3.255001999,2.4,2.919597247,231.301
11/6/2020 0:00,4.8,5.566553516,4.8,5.90414415,251.321
11/6/2020 1:00,5.2,7.381729239,5.2,7.278388988,251.352
11/6/2020 2:00,4.2,3.639826276,4.2,6.4082883,311.38
11/6/2020 3:00,3.2,3.524311103,3.2,3.719597247,261.424
11/6/2020 4:00,2.4,2.4,2.4,3.828892429,236.439
11/6/2020 5:00,1.4,1.547414138,1.4,2.893842085,276.488
11/6/2020 6:00,0.6,0.71793131,0.6,0.794848968,286.493
11/6/2020 7:00,2.6,2.688448483,2.6,3.444345526,241.544
11/6/2020 8:00,2,1.88206869,2,2.129899312,290.517
11/6/2020 9:00,5.8,6.743450482,5.8,5.215453097,238.875
11/6/2020 10:00,8.2,8.730690896,8.2,10.73303658,298.864
11/6/2020 11:00,10.2,10.58327676,10.2,12.21343933,378.904
11/6/2020 12:00,9.4,8.220686898,9.4,7.776258603,374.39
11/6/2020 13:00,2.6,2.216723242,2.6,1.950503441,453.927
11/6/2020 14:00,0.6,1.572933309,0.6,0.859798623,453.911
11/6/2020 15:00,3,3.383276758,3,2.025755162,473.928
11/6/2020 16:00,0.8,1.03586262,0.8,0.540201377,398.923
11/6/2020 17:00,1.2,1.819139379,1.2,0.810302065,373.941
11/6/2020 18:00,1,1.324311103,1,0.675251721,488.968
11/6/2020 19:00,1.6,2.838278757,1.6,1.080402753,348.96
11/6/2020 20:00,9,9.648622206,9,8.090704818,338.986
11/6/2020 21:00,8.2,7.96413738,8.2,5.796862733,474.471
11/6/2020 22:00,3.2,3.347414138,3.2,2.160805506,519.506
11/6/2020 23:00,0.8,0.770517172,0.8,0.540201377,516.849
11/7/2020 0:00,0,0.058965655,0,0,469.714
11/7/2020 1:00,0,0.147414138,0,0.389697935,452.135
11/7/2020 2:00,0.2,0.406379793,0.2,0.394848968,410.91
11/7/2020 3:00,0,0.11793131,0,0.064949656,405.102
11/7/2020 4:00,0,0,0,0,346.114
11/7/2020 5:00,0,0.029482828,0,0.129899312,357.98
11/7/2020 6:00,0,0,0,0,310.833
11/7/2020 7:00,0,0,0,0.064949656,304.85
11/7/2020 8:00,0,0,0,0,304.582
11/7/2020 9:00,0,0,0,0,298.693
11/7/2020 10:00,0,0,0,0,280.986
11/7/2020 11:00,0,0,0,0,287.415
11/7/2020 12:00,0,0,0,0,263.829
11/7/2020 13:00,0,0,0,0,269.749
11/7/2020 14:00,0,0,0,0,257.956
11/7/2020 15:00,0.8,0.829482828,0.8,0.605151032,257.949
11/7/2020 16:00,0.6,0.629482828,0.6,1.249496559,287.182
11/7/2020 17:00,0.4,0.4,0.4,0.335050344,228.071
11/7/2020 18:00,1.4,1.223103035,1.4,1.594848968,246.304
11/7/2020 19:00,0.2,0.2,0.2,0.135050344,251.718
11/7/2020 20:00,0,0,0,0,234.029
11/7/2020 21:00,0.6,0.511551517,0.6,0.405151032,246.293
11/7/2020 22:00,0.2,0.170517172,0.2,0.135050344,228.576
11/7/2020 23:00,0,0,0,0,234.513
11/8/2020 0:00,0.2,0.170517172,0.2,0.135050344,228.151
11/8/2020 1:00,0,0,0,0,228.176
11/8/2020 2:00,1.2,1.023103035,1.2,0.810302065,210.451
11/8/2020 3:00,0.4,0.341034345,0.4,0.270100688,222.213
11/8/2020 4:00,0,0,0,0,222.21
11/8/2020 5:00,0,0,0,0,216.391
11/8/2020 6:00,0,0,0,0,210.465
11/8/2020 7:00,0,0,0,0.649496559,204.484
11/8/2020 8:00,3.6,3.069309104,3.6,2.49585585,210.41
11/8/2020 9:00,0.2,0.170517172,0.2,0.264949656,204.559
11/8/2020 10:00,0.6,0.511551517,0.6,0.924748279,186.828
11/8/2020 11:00,4.8,4.092412139,4.8,3.241208259,144.306
11/8/2020 12:00,0,0,0,0.064949656,165.176
11/8/2020 13:00,0.6,0.511551517,0.6,0.405151032,170.971
11/8/2020 14:00,0.2,0.170517172,0.2,0.135050344,159.07
11/8/2020 15:00,0.6,0.511551517,0.6,0.405151032,152.961
11/8/2020 16:00,0,0,0,0,170.509
11/8/2020 17:00,0,0,0,0,153.069
11/8/2020 18:00,0,0,0,0,158.428
11/8/2020 19:00,0,0,0,0,158.248
11/8/2020 20:00,0.4,0.341034345,0.4,0.270100688,158.098
11/8/2020 21:00,3,2.557757587,3,2.025755162,157.931
11/8/2020 22:00,1.6,1.36413738,1.6,1.080402753,157.813
11/8/2020 23:00,0.4,0.341034345,0.4,0.270100688,139.908
11/9/2020 0:00,1.4,1.193620207,1.4,0.945352409,157.464
11/9/2020 1:00,2.2,2.996036344,2.2,1.680402753,151.398
11/9/2020 2:00,2.8,2.416723242,2.8,1.890704818,180.777
11/9/2020 3:00,0.4,0.4,0.4,0.270100688,145.199
11/9/2020 4:00,0.4,0.341034345,0.4,0.270100688,193.208
11/9/2020 5:00,0,0.058965655,0,0,220.08
11/9/2020 6:00,0.4,0.341034345,0.4,0.270100688,184.895
11/9/2020 7:00,1.8,2.124311103,1.8,4.138187611,205.089
11/9/2020 8:00,4,3.616723242,4,3.285553785,127.784
11/9/2020 9:00,3,2.734654552,3,2.025755162,212.83
11/9/2020 10:00,2,1.734654552,2,1.350503441,277.662
11/9/2020 11:00,0,0,0,0,233.054
11/9/2020 12:00,0.2,0.170517172,0.2,0.135050344,251.89
11/9/2020 13:00,0,0,0,0,202.676
11/9/2020 14:00,0,0,0,0,244.89
11/9/2020 15:00,0,0,0,0,221.993
11/9/2020 16:00,0.6,0.511551517,0.6,0.405151032,187.442
11/9/2020 17:00,1,0.852585862,1,0.675251721,188.804
11/9/2020 18:00,2.8,2.475688897,2.8,1.890704818,185.055
11/9/2020 19:00,4.2,4.2,4.2,2.836057227,211.427
11/9/2020 20:00,2.2,4.204832274,2.2,1.485553785,218.237
11/9/2020 21:00,3,3.530690896,3,2.025755162,260.306
11/9/2020 22:00,5,5.147414138,5,3.376258603,272.608
11/9/2020 23:00,2.6,3.101208068,2.6,1.755654474,275.204
11/10/2020 0:00,0.8,1.625519172,0.8,0.540201377,268.098
11/10/2020 1:00,3,4.385692895,3,2.025755162,310.805
11/10/2020 2:00,1.6,2.366553516,1.6,1.080402753,334.018
11/10/2020 3:00,2.8,3.537070689,2.8,1.890704818,352.489
11/10/2020 4:00,6.2,6.553793931,6.2,4.186560668,391.684
11/10/2020 5:00,2.2,4.116383791,2.2,1.485553785,386.086
11/10/2020 6:00,1.6,3.04465855,1.6,1.080402753,383
11/10/2020 7:00,2,3.503624205,2,1.350503441,351
11/10/2020 8:00,2,2.796036344,2,1.350503441,378
11/10/2020 9:00,1.4,1.812759586,1.4,0.945352409,318
11/10/2020 10:00,1.2,1.878105034,1.2,0.810302065,363.041
11/10/2020 11:00,1.4,2.431898964,1.4,0.945352409,368.074
11/10/2020 12:00,2.6,5.636731238,2.6,1.755654474,368.106
11/10/2020 13:00,3,7.569838271,3,2.025755162,393.113
11/10/2020 14:00,4.4,9.647943305,4.4,2.971107571,340
11/10/2020 15:00,3,7.894149374,3,2.025755162,393
11/10/2020 16:00,4.2,9.772254408,4.2,2.836057227,412
11/10/2020 17:00,7.2,12.91966855,7.2,4.861812389,454
11/10/2020 18:00,9.4,13.26225041,9.4,6.347366174,601
11/10/2020 19:00,9.8,9.623103035,9.8,6.617466862,724
11/10/2020 20:00,9.2,10.88052117,9.2,6.21231583,753
11/10/2020 21:00,11.2,12.23189896,11.2,7.562819271,753
11/10/2020 22:00,8.4,11.46621407,8.4,5.672114453,813
11/10/2020 23:00,7.2,8.733107033,7.2,4.861812389,918
11/11/2020 0:00,14.4,15.5793131,14.4,9.723624777,918
11/11/2020 1:00,9.6,12.51879993,9.6,6.482416518,924
11/11/2020 2:00,8.4,9.697244413,8.4,5.672114453,944
11/11/2020 3:00,21.6,19.91947883,21.6,14.58543717,925
11/11/2020 4:00,15.8,17.77534945,15.8,10.66897719,984
11/11/2020 5:00,20.8,19.67965255,20.8,14.04523579,1363
11/11/2020 6:00,9.6,11.310004,9.6,6.482416518,1562
11/11/2020 7:00,32.6,32.2756889,32.6,22.01320609,1910
11/11/2020 8:00,34.2,34.22948283,34.2,23.09360885,2041
11/11/2020 9:00,62.8,54.1320487,62.8,42.40580806,2799
11/11/2020 10:00,17,15.02465055,17,11.47927925,3802
11/11/2020 11:00,24.2,21.98878793,24.2,16.34109164,3882
11/11/2020 12:00,21,18.84775359,21,14.18028613,2906
11/11/2020 13:00,23,21.26051317,23,15.53078957,2003
11/11/2020 14:00,11,10.43982628,11,7.427768927,1605
11/11/2020 15:00,13.2,13.22948283,13.2,8.913322712,1559
11/11/2020 16:00,1,3.329143377,1,0.675251721,1521
11/11/2020 17:00,5.4,5.547414138,5.4,3.646359291,1475
11/11/2020 18:00,4.6,4.423103035,4.6,3.106157915,1172
11/11/2020 19:00,3.8,5.12672724,3.8,2.565956538,1154
11/11/2020 20:00,1,2.356210068,1,0.675251721,983
11/11/2020 21:00,4.2,4.258965655,4.2,2.836057227,1068
11/11/2020 22:00,1.2,2.261381792,1.2,0.810302065,945
11/11/2020 23:00,1,1.353793931,1,0.675251721,868
11/12/2020 0:00,2.2,2.494828276,2.2,1.485553785,946
11/12/2020 1:00,4.4,4.046206069,4.4,2.971107571,818
11/12/2020 2:00,4.2,4.023103035,4.2,2.836057227,849
11/12/2020 3:00,1,1.206379793,1,0.675251721,745
11/12/2020 4:00,0.4,0.576896965,0.4,0.270100688,647
11/12/2020 5:00,5.4,5.016723242,5.4,3.646359291,656
11/12/2020 6:00,0.8,0.947414138,0.8,0.540201377,656
11/12/2020 7:00,1.2,1.111551517,1.2,0.810302065,640
11/12/2020 8:00,0.8,0.8,0.8,0.540201377,572
11/12/2020 9:00,0.6,0.541034345,0.6,0.405151032,554
11/12/2020 10:00,0.2,0.2,0.2,0.135050344,508
11/12/2020 11:00,0,0,0,0,504
11/12/2020 12:00,0.2,0.170517172,0.2,0.135050344,502
11/12/2020 13:00,0,0.058965655,0,0,529
11/12/2020 14:00,0.2,0.229482828,0.2,0.135050344,490.547
11/12/2020 15:00,1.2,1.023103035,1.2,1.2,507.289
11/12/2020 16:00,1.6,1.36413738,1.6,1.924748279,475.613
11/12/2020 17:00,0.4,0.724311103,0.4,0.270100688,473.964
11/12/2020 18:00,0.4,0.783276758,0.4,0.335050344,457
11/12/2020 19:00,0.8,0.68206869,0.8,1.774244838,444
11/12/2020 20:00,0.6,0.511551517,0.6,0.6,451
11/12/2020 21:00,0.2,0.288448483,0.2,0.135050344,427
11/12/2020 22:00,0,0,0,0,427
11/12/2020 23:00,0.6,0.570517172,0.6,0.405151032,412
11/13/20 0:00,1.2,1.052585862,1.2,0.875251721,421
11/13/20 1:00,0,0,0,0,397
11/13/20 2:00,0,0,0,0,392
11/13/20 3:00,0,0,0,0,389
11/13/20 4:00,0,0,0,0,387
11/13/20 5:00,0,0,0,0,387
11/13/20 6:00,0,0,0,0,326
11/13/20 7:00,0,0,0,0,412
11/13/20 8:00,0,0,0,0,332
11/13/20 9:00,0,0,0,0,329
11/13/20 10:00,0,0,0,0,332
11/13/20 11:00,0,0,0,0,304
11/13/20 12:00,0,0,0,0,293
11/13/20 13:00,0,0,0,0,299
11/13/20 14:00,0.2,0.170517172,0.2,0.135050344,293
11/13/20 15:00,0,0,0,0,281
11/13/20 16:00,0,0,0,0,277
11/13/20 17:00,0,0,0,0,322
11/13/20 18:00,0,0,0,0,309
11/13/20 19:00,0,0,0,0,320
11/13/20 20:00,0,0,0,0,289
11/13/20 21:00,0,0,0,0,295
11/13/20 22:00,0,0,0,0,299
11/13/20 23:00,0,0,0,0,289
11/14/20 0:00,0,0,0,0,280
11/14/20 1:00,0,0,0,0,278
11/14/20 2:00,0,0,0,0,267
11/14/20 3:00,0.2,0.229482828,0.2,0.135050344,283
11/14/20 4:00,1,0.88206869,1,0.675251721,258
11/14/20 5:00,2.6,2.246206069,2.6,1.755654474,272
11/14/20 6:00,1.6,1.423103035,1.6,1.080402753,236.732
11/14/20 7:00,2.4,2.193620207,2.4,1.62060413,281.018
11/14/20 8:00,2.6,2.334654552,2.6,1.755654474,226
11/14/20 9:00,3.4,3.046206069,3.4,2.29585585,219
11/14/20 10:00,8.2,7.462929311,8.2,5.537064109,246
11/14/20 11:00,5.8,5.446206069,5.8,8.982533138,260
11/14/20 12:00,6,6.353793931,6,4.376258603,258
11/14/20 13:00,11.4,11.34103434,11.4,9.451510324,293
11/14/20 14:00,9.4,11.64069489,9.4,8.101006883,307
11/14/20 15:00,18,18.73707069,18,12.15453097,475
11/14/20 16:00,15.6,17.60483227,15.6,11.05352409,566
11/14/20 17:00,20.2,21.29086462,20.2,15.1988765,748
11/14/20 18:00,23,25.15224641,23,19.55766824,864
11/14/20 19:00,17,18.00241614,17,14.59686273,1048
11/14/20 20:00,16,17.85741814,16,12.49271858,1240
11/14/20 21:00,20.2,20.28844848,20.2,15.26382615,1226
11/14/20 22:00,11,11.50120807,11,7.427768927,1228
11/14/20 23:00,10,11.03189896,10,6.752517206,1317
11/15/20 0:00,5.4,7.051038343,5.4,3.646359291,1235
11/15/20 1:00,3.4,4.49086462,3.4,2.29585585,1084
11/15/20 2:00,0.6,1.248622206,0.6,0.405151032,1117
11/15/20 3:00,0.6,0.776896965,0.6,0.405151032,1038
11/15/20 4:00,0.2,0.465345448,0.2,0.329899312,938
11/15/20 5:00,0.2,0.31793131,0.2,0.264949656,898
11/15/20 6:00,0.2,0.31793131,0.2,0.719597247,770
11/15/20 7:00,1,1,1,1.454647591,654
11/15/20 8:00,1,0.911551517,1,0.870100688,633
11/15/20 9:00,1.6,1.36413738,1.6,1.210302065,553
11/15/20 10:00,0,0,0,0,523
11/15/20 11:00,0,0,0,0,421
11/15/20 12:00,0,0,0,0,NaN
11/15/20 13:00,0.2,0.170517172,0.2,0.264949656,482.714
11/15/20 14:00,0,0,0,0,NaN
11/15/20 15:00,0,2.302778358,0,0,NaN
11/15/20 16:00,0,0.845611719,0,0,NaN
11/15/20 17:00,0,0.297982938,0,0,NaN
11/15/20 18:00,0,0.496660342,0,0,NaN
11/15/20 19:00,0.0078,0.475670361,0.0078,0.007832475,NaN
11/15/20 20:00,0.0156,0.313030135,0.0156,0.010533927,NaN
11/15/20 21:00,0.0078,0.241591452,0.0078,0.005266963,NaN
11/15/20 22:00,0,0.386962112,0,0,NaN
11/15/20 23:00,0.0079,0.081017412,0.0079,0.005334489,NaN
11/16/20 0:00,0.0234,0.125322135,0.0234,0.01580089,NaN
11/16/20 1:00,0.0313,0.034174576,0.0313,0.026201452,NaN
11/16/20 2:00,0.0312,0.028325424,0.0312,0.02360089,NaN
11/16/20 3:00,0.1484,0.126523742,0.1484,0.100207355,NaN
11/16/20 4:00,0.0391,0.033336107,0.0391,0.036566963,NaN
11/16/20 5:00,0.0156,0.013300339,0.0156,0.013066963,NaN
11/16/20 6:00,0.0157,0.013385598,0.0157,0.010601452,NaN
11/16/20 7:00,0.0078,0.012414063,0.0078,0.005266963,NaN
11/16/20 8:00,0.0078,0.00665017,0.0078,0.005266963,NaN
11/16/20 9:00,0.1328,0.113223403,0.1328,0.122635379,NaN
11/16/20 10:00,0.2578,0.219796635,0.2578,0.17661293,NaN
11/16/20 11:00,0.3359,0.286383591,0.3359,0.234448638,NaN
11/16/20 12:00,0.086,0.073322384,0.086,0.065670758,NaN
11/16/20 13:00,0.2109,0.179810358,0.2109,0.142410588,NaN
11/16/20 14:00,0.625,0.532866164,0.625,0.43726302,NaN
11/16/20 15:00,0.6484,0.555116334,0.6484,0.516487249,NaN
11/16/20 16:00,0.4532,0.389856145,0.4532,0.316156226,NaN
11/16/20 17:00,0.1015,0.088837126,0.1015,0.071071086,NaN
11/16/20 18:00,0.086,0.082535768,0.086,0.086,NaN
11/16/20 19:00,0,0.002299661,0,0.005066073,NaN
11/16/20 20:00,0,0.002299661,0,0.030428914,NaN
11/16/20 21:00,0.0078,0.010114402,0.0078,0.017964621,NaN
11/16/20 22:00,0,0.004599321,0,0,NaN
11/16/20 23:00,0.0078,0.00665017,0.0078,0.005266963,NaN
11/17/20 0:00,0,0,0,0,NaN
11/17/20 1:00,0,0.00114983,0,0,NaN
11/17/20 2:00,0,0.034553874,0,0,NaN
11/17/20 3:00,0,0.050680981,0,0,NaN
11/17/20 4:00,0,0.036853534,0,0.005066073,NaN
11/17/20 5:00,0.0078,0.015863553,0.0078,0.005266963,NaN
11/17/20 6:00,0.0156,0.01674983,0.0156,0.010533927,NaN
11/17/20 7:00,0,0.002299661,0,0,NaN
11/17/20 8:00,0,0,0,0,NaN
11/17/20 9:00,0,0,0,0,NaN
11/17/20 10:00,0,0,0,0,NaN
11/17/20 11:00,0,0,0,0,NaN
11/17/20 12:00,0,0,0,0,NaN
11/17/20 13:00,0,0,0,0,NaN
11/17/20 14:00,0.0079,0.006735428,0.0079,0.005334489,NaN
11/17/20 15:00,0,0,0,0,NaN
11/17/20 16:00,0,0,0,0,NaN
11/17/20 17:00,0.0156,0.0156,0.0156,0.010533927,NaN
11/17/20 18:00,0.0156,0.014464911,0.0156,0.020698548,NaN
11/17/20 19:00,0,0,0,0.010132146,NaN
11/17/20 20:00,0,0,0,0,NaN
11/17/20 21:00,0,0,0,0,NaN
11/17/20 22:00,0,0,0,0,NaN
11/17/20 23:00,0,0,0,0,NaN
11/18/20 0:00,0,0,0,0,NaN
11/18/20 1:00,0,0,0,0,NaN
11/18/20 2:00,0,0,0,0,NaN
11/18/20 3:00,0,0,0,0,NaN
11/18/20 4:00,0,0,0,0,NaN
11/18/20 5:00,0,0,0,0,NaN
11/18/20 6:00,0,0,0,0,NaN
11/18/20 7:00,0,0,0,0,NaN
11/18/20 8:00,0,0,0,0,NaN
11/18/20 9:00,0,0,0,0,NaN
11/18/20 10:00,0,0,0,0,NaN
11/18/20 11:00,0,0,0,0,NaN
11/18/20 12:00,0,0,0,0,NaN
11/18/20 13:00,0,0,0,0,NaN
11/18/20 14:00,0,0,0,0,NaN
11/18/20 15:00,0,0,0,0,NaN
11/18/20 16:00,0,0,0,0,NaN
11/18/20 17:00,0,0,0,0,NaN
11/18/20 18:00,0,0,0,0,NaN
11/18/20 19:00,0,0,0,0,NaN
11/18/20 20:00,0,0,0,0,NaN
11/18/20 21:00,0,0,0,0,NaN
11/18/20 22:00,0,0,0,0,NaN
11/18/20 23:00,0,0,0,0,NaN
11/19/20 0:00,0,0,0,0,NaN
11/19/20 1:00,0,0,0,0,NaN
11/19/20 2:00,0,0,0,0,NaN
11/19/20 3:00,0,0,0,0,NaN
11/19/20 4:00,0,0,0,0,NaN
11/19/20 5:00,0,0,0,0,NaN
11/19/20 6:00,0,0,0,0,NaN
11/19/20 7:00,0,0,0,0,NaN
11/19/20 8:00,0,0,0,0,NaN
11/19/20 9:00,0,0,0,0,NaN
11/19/20 10:00,0,0,0,0,NaN
11/19/20 11:00,0,0,0,0,NaN
11/19/20 12:00,0,0,0,0,NaN
11/19/20 13:00,0,0,0,0,NaN
11/19/20 14:00,0,0,0,0,NaN
11/19/20 15:00,0,0,0,0,NaN
11/19/20 16:00,0,0,0,0,NaN
11/19/20 17:00,0,0,0,0,NaN
11/19/20 18:00,0,0,0,0,NaN
11/19/20 19:00,0,0,0,0,NaN
11/19/20 20:00,0,0,0,0,NaN
11/19/20 21:00,0,0,0,0,NaN
11/19/20 22:00,0,0,0,0,NaN
11/19/20 23:00,0,0,0,0,NaN
11/20/20 0:00,0,0,0,0,NaN
11/20/20 1:00,0,0,0,0,NaN
11/20/20 2:00,0,0,0,0,NaN
11/20/20 3:00,0,0,0,0,NaN
11/20/20 4:00,0,0,0,0,NaN
11/20/20 5:00,0,0,0,0,NaN
11/20/20 6:00,0,0,0,0,NaN
11/20/20 7:00,0,0,0,0,NaN
11/20/20 8:00,0,0,0,0,NaN
11/20/20 9:00,0,0,0,0,NaN
11/20/20 10:00,0,0,0,0,NaN
11/20/20 11:00,0,0,0,0,NaN
11/20/20 12:00,0,0,0,0,NaN
11/20/20 13:00,0,0,0,0,NaN
11/20/20 14:00,0,0,0,0,NaN
11/20/20 15:00,0,0,0,0,NaN
11/20/20 16:00,0,0,0,0,NaN
11/20/20 17:00,0,0,0,0,NaN
11/20/20 18:00,0,0,0,0,NaN
11/20/20 19:00,0,0,0,0,NaN
11/20/20 20:00,0,0,0,0,NaN
11/20/20 21:00,0,0,0,0,NaN
11/20/20 22:00,0,0,0,0,NaN
11/20/20 23:00,0,0,0,0,NaN
11/21/20 0:00,0,0,0,0,NaN
11/21/20 1:00,0,0,0,0,NaN
11/21/20 2:00,0,0,0,0,NaN
11/21/20 3:00,0,0,0,0,NaN
11/21/20 4:00,0,0,0,0,NaN
11/21/20 5:00,0,0,0,0,NaN
11/21/20 6:00,0,0,0,0,NaN
11/21/20 7:00,0,0,0,0,NaN
11/21/20 8:00,0,0,0,0,NaN
11/21/20 9:00,0,0,0,0,NaN
11/21/20 10:00,0,0,0,0,NaN
11/21/20 11:00,0,0,0,0,NaN
11/21/20 12:00,0,0,0,0,NaN
11/21/20 13:00,0,0,0,0,NaN
11/21/20 14:00,0,0,0,0,NaN
11/21/20 15:00,0,0,0,0,NaN
11/21/20 16:00,0,0,0,0,NaN
11/21/20 17:00,0,0,0,0,NaN
11/21/20 18:00,0,0,0,0,NaN
11/21/20 19:00,0,0,0,0,NaN
11/21/20 20:00,0,0,0,0,NaN
11/21/20 21:00,0,0,0,0,NaN
11/21/20 22:00,0,0,0,0,NaN
11/21/20 23:00,0,0,0,0,NaN
11/22/20 0:00,0,0,0,0,NaN
11/22/20 1:00,0,0,0,0,NaN
11/22/20 2:00,0,0,0,0,NaN
11/22/20 3:00,0,0,0,0,NaN
11/22/20 4:00,0,0,0,0,NaN
11/22/20 5:00,0,0,0,0,NaN
11/22/20 6:00,0,0,0,0,NaN
11/22/20 7:00,0,0,0,0,NaN
11/22/20 8:00,0,0,0,0,NaN
11/22/20 9:00,0,0,0,0,NaN
11/22/20 10:00,0,0,0,0,NaN
11/22/20 11:00,0,0,0,0,NaN
11/22/20 12:00,0,0,0,0,NaN
11/22/20 13:00,0,0,0,0,NaN
11/22/20 14:00,0,0,0,0,NaN
11/22/20 15:00,0,0,0,0,NaN
11/22/20 16:00,0,0,0,0,NaN
11/22/20 17:00,0,0,0,0,NaN
11/22/20 18:00,0,0,0,0,NaN
11/22/20 19:00,0,0,0,0,NaN
11/22/20 20:00,0,0,0,0,NaN
11/22/20 21:00,0,0,0,0,NaN
11/22/20 22:00,0,0,0,0,NaN
11/22/20 23:00,0,0,0,0,NaN
11/23/20 0:00,0,0,0,0,NaN
11/23/20 1:00,0,0,0,0,NaN
11/23/20 2:00,0,0,0,0,NaN
11/23/20 3:00,0,0,0,0,NaN
11/23/20 4:00,0,0,0,0,NaN
11/23/20 5:00,0,0,0,0,NaN
11/23/20 6:00,0,0,0,0,NaN
11/23/20 7:00,0,0,0,0,NaN
11/23/20 8:00,0,0,0,0,NaN
11/23/20 9:00,0,0,0,0,NaN
11/23/20 10:00,0,0,0,0,NaN
11/23/20 11:00,0,0,0,0,NaN
11/23/20 12:00,0,0,0,0,NaN
11/23/20 13:00,0,0,0,0,NaN
11/23/20 14:00,0,0,0,0,NaN
11/23/20 15:00,0,0,0,0,NaN
11/23/20 16:00,0,0,0,0,NaN
11/23/20 17:00,0,0,0,0,NaN
11/23/20 18:00,0,0,0,0,NaN
11/23/20 19:00,0,0,0,0,NaN
11/23/20 20:00,0,0,0,0,NaN
11/23/20 21:00,0,0,0,0,NaN
11/23/20 22:00,0,0,0,0,NaN
11/23/20 23:00,0,0,0,0,NaN
11/24/20 0:00,0,0,0,0,NaN
11/24/20 1:00,0,0,0,0,NaN
11/24/20 2:00,0,0,0,0,NaN
11/24/20 3:00,0,0,0,0,NaN
11/24/20 4:00,0,0,0,0,NaN
11/24/20 5:00,0,0,0,0,NaN
11/24/20 6:00,0,0,0,0,NaN
11/24/20 7:00,0,0,0,0,NaN
11/24/20 8:00,0,0,0,0,NaN
11/24/20 9:00,0,0,0,0,NaN
11/24/20 10:00,0,0,0,0,NaN
11/24/20 11:00,0,0,0,0,NaN
11/24/20 12:00,0,0,0,0,NaN
11/24/20 13:00,0,0,0,0,NaN
11/24/20 14:00,0,0,0,0,NaN
11/24/20 15:00,0,0,0,0,NaN
11/24/20 16:00,0,0,0,0,NaN
11/24/20 17:00,0,0,0,0,NaN
11/24/20 18:00,0,0,0,0,NaN
11/24/20 19:00,0,0,0,0,NaN
11/24/20 20:00,0,0,0,0,NaN
11/24/20 21:00,0,0,0,0,NaN
11/24/20 22:00,0,0,0,0,NaN
11/24/20 23:00,0,0,0,0,NaN
11/25/20 0:00,0,0,0,0,NaN
11/25/20 1:00,0,0,0,0,NaN
11/25/20 2:00,0,0,0,0,NaN
11/25/20 3:00,0,0,0,0,NaN
11/25/20 4:00,0,0,0,0,NaN
11/25/20 5:00,0,0,0,0,NaN
11/25/20 6:00,0,0,0,0,NaN
11/25/20 7:00,0,0,0,0,NaN
11/25/20 8:00,0,0,0,0,NaN
11/25/20 9:00,0,0,0,0,NaN
11/25/20 10:00,0,0,0,0,NaN
11/25/20 11:00,0,0,0,0,NaN
11/25/20 12:00,0,0,0,0,NaN
11/25/20 13:00,0,0,0,0,NaN
11/25/20 14:00,0,0,0,0,NaN
11/25/20 15:00,0,0,0,0,NaN
11/25/20 16:00,0,0,0,0,NaN
11/25/20 17:00,0,0,0,0,NaN
11/25/20 18:00,0,0,0,0,NaN
11/25/20 19:00,0,0,0,0,NaN
11/25/20 20:00,0,0,0,0,NaN
11/25/20 21:00,0,0.972933309,0,0,NaN
11/25/20 22:00,0,0.294828276,0,0,NaN
11/25/20 23:00,0,0.058965655,0,0,NaN
11/26/20 0:00,0,0.029482828,0,0,83.213
11/26/20 1:00,0,0,0,0,100.914
11/26/20 2:00,0,0,0,0,77.526
11/26/20 3:00,0,0.058965655,0,0,77.526
11/26/20 4:00,0,0.23586262,0,0,77.525
11/26/20 5:00,0,2.152246412,0,0,124.556
11/26/20 6:00,2.4,2.901208068,2.4,1.62060413,100.914
11/26/20 7:00,6,5.557757587,6,4.051510324,83.213
11/26/20 8:00,3.6,3.747414138,3.6,2.430906194,77.304
11/26/20 9:00,11,9.732238415,11,7.427768927,77.525
11/26/20 10:00,0.2,1.320347447,0.2,0.135050344,95.012
11/26/20 11:00,4.2,5.143450482,4.2,2.836057227,89.112
11/26/20 12:00,7.4,10.02397165,7.4,4.996862733,112.748
11/26/20 13:00,7.2,7.996036344,7.2,4.861812389,106.823
11/26/20 14:00,10.6,9.184824277,10.6,7.157668239,213.132
11/26/20 15:00,0.4,0.370517172,0.4,0.270100688,142.292
11/26/20 16:00,0,0.383276758,0,0,165.878
11/26/20 17:00,0,0.294828276,0,0,118.662
11/26/20 18:00,0.2,0.2,0.2,0.135050344,124.564
11/26/20 19:00,0,0.23586262,0,0,124.566
11/26/20 20:00,0,0,0,0,124.576
11/26/20 21:00,0,0,0,0,106.834
11/26/20 22:00,0,0.176896965,0,0,118.67
11/26/20 23:00,0.2,0.229482828,0.2,0.135050344,130.48
11/27/20 0:00,0,0,0,0,106.847
11/27/20 1:00,0,0.029482828,0,0,95.039
11/27/20 2:00,0,0.23586262,0,0,112.774
11/27/20 3:00,0,0.324311103,0,0,118.676
11/27/20 4:00,0,0,0,0,95.042
11/27/20 5:00,0,0.11793131,0,0,77.534
11/27/20 6:00,0,0.678105034,0,0,95.066
11/27/20 7:00,2.6,2.541034345,2.6,1.755654474,171.819
11/27/20 8:00,1,2.356210068,1,0.675251721,89.142
11/27/20 9:00,0.6,0.511551517,0.6,0.405151032,177.724
11/27/20 10:00,3.8,3.239826276,3.8,2.565956538,86.139
11/27/20 11:00,2,1.705171724,2,1.350503441,111.588
11/27/20 12:00,1,0.852585862,1,0.675251721,105.14
11/27/20 13:00,1.8,1.56413738,1.8,1.215453097,155.575
11/27/20 14:00,0.2,0.31793131,0.2,0.135050344,93.798
11/27/20 15:00,0,0,0,0,132.316
11/27/20 16:00,0,0.029482828,0,0,99.834
11/27/20 17:00,0.2,0.43586262,0.2,0.135050344,96.971
11/27/20 18:00,7.4,6.30913538,7.4,4.996862733,111.834
11/27/20 19:00,0.4,0.341034345,0.4,0.270100688,103.085
11/27/20 20:00,0,0,0,0,129.921
11/27/20 21:00,1.6,1.806379793,1.6,1.080402753,108.996
11/27/20 22:00,2.8,3.153793931,2.8,1.890704818,129.957
11/27/20 23:00,0.2,0.229482828,0.2,0.135050344,126.849
11/28/20 0:00,0,0.412759586,0,0,110.787
11/28/20 1:00,0.2,0.878105034,0.2,0.135050344,137.747
11/28/20 2:00,0.8,2.067761585,0.8,0.540201377,146.982
11/28/20 3:00,2.6,3.602416137,2.6,1.755654474,120.813
11/28/20 4:00,10.4,9.987240414,10.4,7.022617895,141.84
11/28/20 5:00,2.4,2.812759586,2.4,1.62060413,145.445
11/28/20 6:00,1.8,2.212759586,1.8,1.215453097,172.038
11/28/20 7:00,7,6.233446484,7,4.726762045,122.78
11/28/20 8:00,8.8,7.502755587,8.8,5.942215142,132.896
11/28/20 9:00,4,3.410343449,4,2.701006883,162.126
11/28/20 10:00,0.4,0.370517172,0.4,0.270100688,213.26
11/28/20 11:00,1.8,1.741034345,1.8,1.215453097,246.758
11/28/20 12:00,0.2,1.143450482,0.2,0.135050344,233.224
11/28/20 13:00,0.2,1.113967654,0.2,0.135050344,237.666
11/28/20 14:00,0,1.149830275,0,0,218.232
11/28/20 15:00,0.2,1.762589861,0.2,0.135050344,210.547
11/28/20 16:00,0.8,1.979313102,0.8,0.540201377,214.505
11/28/20 17:00,1.6,2.572933309,1.6,1.080402753,188.968
11/28/20 18:00,1.8,3.451038343,1.8,1.215453097,181.112
11/28/20 19:00,4.4,5.343450482,4.4,2.971107571,226.489
11/28/20 20:00,5.6,7.103624205,5.6,3.781409636,248.287
11/28/20 21:00,3.2,6.000868618,3.2,2.160805506,195.058
11/28/20 22:00,2.8,4.893280757,2.8,1.890704818,241.673
11/28/20 23:00,1.4,3.493280757,1.4,0.945352409,247.186
11/29/20 0:00,1.8,4.659834273,1.8,1.215453097,234.896
11/29/20 1:00,2.2,5.177765583,2.2,1.485553785,276.081
11/29/20 2:00,5,6.768969653,5,3.376258603,264.026
11/29/20 3:00,4.6,7.047074687,4.6,3.106157915,275.659
11/29/20 4:00,1.8,3.156210068,1.8,1.215453097,311.286
11/29/20 5:00,0.8,2.362589861,0.8,0.540201377,305.465
11/29/20 6:00,1,4.184145376,1,0.675251721,353.257
11/29/20 7:00,0.6,2.870177722,0.6,0.405151032,357.817
11/29/20 8:00,0.6,2.634315101,0.6,0.405151032,310.505
11/29/20 9:00,0.4,1.874141378,0.4,0.270100688,345.919
11/29/20 10:00,0.4,1.461381792,0.4,0.270100688,298.665
11/29/20 11:00,0.2,1.084484827,0.2,0.135050344,304.577
11/29/20 12:00,0.4,1.137070689,0.4,0.270100688,316.45
11/29/20 13:00,0.4,1.196036344,0.4,0.270100688,287.073
11/29/20 14:00,0.6,0.865345448,0.6,0.405151032,257.919
11/29/20 15:00,0.6,1.160173724,0.6,0.405151032,246.079
11/29/20 16:00,0.4,1.343450482,0.4,0.270100688,269.733
11/29/20 17:00,0.4,1.225519172,0.4,0.270100688,246.056
11/29/20 18:00,0.6,1.278105034,0.6,0.405151032,263.927
11/29/20 19:00,0.2,0.907587861,0.2,0.135050344,234.804
11/29/20 20:00,0.4,0.842242413,0.4,0.270100688,234.864
11/29/20 21:00,0.6,0.983276758,0.6,0.405151032,223.059
11/29/20 22:00,1.2,1.671725241,1.2,0.810302065,228.963
11/29/20 23:00,1.2,1.996036344,1.2,0.810302065,240.865
11/30/20 0:00,1.6,2.631898964,1.6,1.080402753,229.027
11/30/20 1:00,1.6,2.749830275,1.6,1.080402753,234.933
11/30/20 2:00,1.8,3.038278757,1.8,1.215453097,258.545
11/30/20 3:00,3.2,4.880521171,3.2,2.160805506,270.402
11/30/20 4:00,3.6,5.103624205,3.6,2.430906194,276.265
11/30/20 5:00,2.6,3.897244413,2.6,1.755654474,293.946
11/30/20 6:00,1.2,2.320347447,1.2,0.810302065,299.878
11/30/20 7:00,0.8,1.625519172,0.8,0.540201377,288.084
11/30/20 8:00,0.4,1.343450482,0.4,0.270100688,276.237
11/30/20 9:00,0.2,0.996036344,0.2,0.135050344,276.207
11/30/20 10:00,0.4,0.930690896,0.4,0.270100688,299.867
11/30/20 11:00,0.4,0.783276758,0.4,0.270100688,276.219
11/30/20 12:00,0.8,1.301208068,0.8,0.540201377,282.134
11/30/20 13:00,0.8,1.743450482,0.8,0.540201377,288.065
11/30/20 14:00,1.4,2.078105034,1.4,0.945352409,282.137
11/30/20 15:00,1.8,2.478105034,1.8,1.215453097,299.878
11/30/20 16:00,1.4,2.019139379,1.4,0.945352409,282.158
11/30/20 17:00,1,2.120347447,1,0.675251721,276.255
11/30/20 18:00,1,2.09086462,1,0.675251721,299.896
11/30/20 19:00,1.4,3.581729239,1.4,0.945352409,282.176
11/30/20 20:00,2.6,4.988109032,2.6,1.755654474,305.809
11/30/20 21:00,4,4.560173724,4,2.701006883,294.015
11/30/20 22:00,1.4,1.989656551,1.4,0.945352409,329.431
11/30/20 23:00,1,1.766553516,1,0.675251721,282.22
12/1/2020 0:00,2.2,2.730690896,2.2,1.485553785,276.252
12/1/2020 1:00,2.2,3.025519172,2.2,1.485553785,317.601
12/1/2020 2:00,2,4.004832274,2,1.350503441,293.999
12/1/2020 3:00,1.4,2.078105034,1.4,0.945352409,329.415
12/1/2020 4:00,1.4,2.372933309,1.4,0.945352409,353.057
12/1/2020 5:00,1.2,3.057418136,1.2,0.810302065,329.456
12/1/2020 6:00,3.2,6.236731238,3.2,2.160805506,376.682
12/1/2020 7:00,1.6,5.639147375,1.6,1.080402753,376.717
12/1/2020 8:00,1.8,5.131559514,1.8,1.215453097,459.383
