Date,Thucdo,Qden
9/16/2015,0,91
9/17/2015,3.6,70.77
9/18/2015,6.4,117.44
9/19/2015,0.9,146.9
9/20/2015,0.5,110.87
9/21/2015,0.1,101.45
9/22/2015,20.6,141.78
9/23/2015,6.6,126.33
9/24/2015,0.2,97.74
9/25/2015,0,99.83
9/26/2015,78,244.59
9/27/2015,0,145.37
9/28/2015,0,217.06
9/29/2015,0,140.89
9/30/2015,0.2,106.38
10/1/2015,0.6,94.34
10/2/2015,0,93.2
10/3/2015,0.2,87.38
10/4/2015,0,87.52
10/5/2015,0,97.04
10/6/2015,0,68.48
10/7/2015,0,60.58
10/8/2015,1.8,137.86
10/9/2015,9.6,242.4
10/10/2015,31,451.26
10/11/2015,0.1,208.12
10/12/2015,0,134.62
10/13/2015,0,116.88
10/14/2015,0,101.91
10/15/2015,0,91.14
10/16/2015,0,79.38
10/17/2015,0,91.09
10/18/2015,0,63.86
10/19/2015,0,86.43
10/20/2015,0,73.82
10/21/2015,0,66.07
10/22/2015,0,59.62
10/23/2015,0,61.18
10/24/2015,0,52.58
10/25/2015,0,48.26
10/26/2015,0,57.43
10/27/2015,0,53.54
10/28/2015,0,47.41
10/29/2015,15.7,55.03
10/30/2015,1.3,69.86
10/31/2015,2.3,55.18
11/1/2015,0.6,57.84
11/2/2015,0,41.85
11/3/2015,1.6,46.34
11/4/2015,2.3,52.68
11/5/2015,0,61.83
11/6/2015,0,49.17
11/7/2015,0,45.86
11/8/2015,0,37.6
11/9/2015,0,68.78
11/10/2015,0,27.4
11/11/2015,19.9,53.48
11/12/2015,10.9,185.84
11/13/2015,0.5,106.61
11/14/2015,0.1,64.11
11/15/2015,3.6,56.95
11/16/2015,0,44.66
11/17/2015,0,62.35
11/18/2015,0,42.21
11/19/2015,0,36
11/20/2015,0,38.02
11/21/2015,0,32.25
11/22/2015,0,30.87
11/23/2015,0,34.64
11/24/2015,0.5,36.68
11/25/2015,0,25.53
11/26/2015,0,35.42
11/27/2015,0,35.6
11/28/2015,0,36.96
11/29/2015,0,44.01
11/30/2015,0,35.52
12/1/2015,0,28.27
12/2/2015,0,26.93
12/3/2015,0,26.09
12/4/2015,14.9,77.89
12/5/2015,39.2,180.07
12/6/2015,0,63.56
12/7/2015,0,43.74
12/8/2015,1.1,46.53
12/9/2015,7.8,71.51
12/10/2015,0.1,47.22
12/11/2015,0,49.25
12/12/2015,0,32.28
12/13/2015,0,25.5
12/14/2015,0,56.23
12/15/2015,0,39.35
12/16/2015,7.1,25.34
12/17/2015,1.3,51.14
12/18/2015,2.6,22.82
12/19/2015,0,44.63
12/20/2015,0,46.59
12/21/2015,0,38.43
12/22/2015,0,37.77
12/23/2015,0,31.65
12/24/2015,0,22.13
12/25/2015,3.6,32.33
12/26/2015,14.8,44.58
12/27/2015,0,30.53
12/28/2015,7.2,40.19
12/29/2015,13.8,64.28
12/30/2015,0.3,72.47
12/31/2015,0,78.59
1/1/2016,0,54.67
1/2/2016,0.4,33.79
1/3/2016,0,40.98
1/4/2016,0,35.69
1/5/2016,0,30.33
1/6/2016,0,33.05
1/7/2016,0,31.02
1/8/2016,0,29.27
1/9/2016,0.5,24.23
1/10/2016,0.1,34.43
1/11/2016,0,26.95
1/12/2016,0,27.7
1/13/2016,0,22.88
1/14/2016,2.3,28.91
1/15/2016,0,38.84
1/16/2016,0,24.63
1/17/2016,0,31.15
1/18/2016,0,29.02
1/19/2016,0,20.96
1/20/2016,0,20.48
1/21/2016,0,20.08
1/22/2016,0,23.78
1/23/2016,9.3,38.88
1/24/2016,19.8,40.51
1/25/2016,5.1,25.35
1/26/2016,26.3,78.96
1/27/2016,4.4,94.17
1/28/2016,0,68.36
1/29/2016,0,49.37
1/30/2016,0,40.87
1/31/2016,0,41.52
2/1/2016,0,32.45
2/2/2016,0,32.72
2/3/2016,0,23.28
2/4/2016,0,29.09
2/5/2016,0.3,33.53
2/6/2016,0,34.07
2/7/2016,0,36.33
2/8/2016,0,23.23
2/9/2016,0,25.18
2/10/2016,0,34.51
2/11/2016,0,30.88
2/12/2016,0,17.84
2/13/2016,0,27.61
2/14/2016,0,20.48
2/15/2016,0,22.61
2/16/2016,0.3,31.19
2/17/2016,0.1,18.63
2/18/2016,0,31.85
2/19/2016,0,31.53
2/20/2016,0,24.77
2/21/2016,0,33.42
2/22/2016,0,27.08
2/23/2016,0,25.46
2/24/2016,10.7,32.35
2/25/2016,3.9,55.51
2/26/2016,9.3,30.15
2/27/2016,0,36.22
2/28/2016,1.4,27.47
2/29/2016,0,45.29
3/1/2016,0,15.78
3/2/2016,0,15.83
3/3/2016,0,25.9
3/4/2016,0,21.62
3/5/2016,0,22.2
3/6/2016,0.1,32.09
3/7/2016,0,26.18
3/8/2016,0,25.68
3/9/2016,0,21.04
3/10/2016,0,14.63
3/11/2016,0,15.63
3/12/2016,0,15.37
3/13/2016,0,12.63
3/14/2016,0,12.56
3/15/2016,0,13.77
3/16/2016,0,15.36
3/17/2016,0,12.82
3/18/2016,0,22.4
3/19/2016,0,21.65
3/20/2016,0,14.6
3/21/2016,0.1,11.3
3/22/2016,0,13.7
3/23/2016,0,12.8
3/24/2016,20.6,40.2
3/25/2016,0.2,47.3
3/26/2016,0,34.4
3/27/2016,1.8,23.4
3/28/2016,0.8,20.9
3/29/2016,0,19.72
3/30/2016,0,16.9
3/31/2016,0,18.7
4/1/2016,0,14.72
4/2/2016,0,17.12
4/3/2016,2.8,21.87
4/4/2016,0,21.87
4/5/2016,0,12.95
4/6/2016,0,22.8
4/7/2016,2.8,29.64
4/8/2016,0,14.6
4/9/2016,21.5,20.29
4/10/2016,0,20.66
4/11/2016,0,18.87
4/12/2016,0,20.48
4/13/2016,0,12.36
4/14/2016,0,11.47
4/15/2016,0,10.79
4/16/2016,0,18.7
4/17/2016,0,22.09
4/18/2016,0.2,16.77
4/19/2016,5.4,24.65
4/20/2016,29,76.28
4/21/2016,2.8,68.67
4/22/2016,47.5,384.64
4/23/2016,13.6,141.9
4/24/2016,13.2,78.17
4/25/2016,1.8,85.09
4/26/2016,0,45.18
4/27/2016,0,33.38
4/28/2016,0,27.3
4/29/2016,6.5,64.6
4/30/2016,1.1,43.02
5/1/2016,0,28.86
5/2/2016,2.1,30.17
5/3/2016,0,30.17
5/4/2016,4,21.03
5/5/2016,3.6,24.32
5/6/2016,0,21.78
5/7/2016,0,19.68
5/8/2016,0,22.15
5/9/2016,0,18.88
5/10/2016,0,18.88
5/11/2016,0,20.62
5/12/2016,0,22.82
5/13/2016,18.6,19.7
5/14/2016,0,20.5
5/15/2016,17.3,33.66
5/16/2016,0,14.88
5/17/2016,0,16.53
5/18/2016,0,19.81
5/19/2016,1.9,19.82
5/20/2016,0.2,12.83
5/21/2016,6.5,18.8
5/22/2016,13.6,46.12
5/23/2016,31.4,281.23
5/24/2016,23.8,138.68
5/25/2016,29.4,482.89
5/26/2016,10.1,254.8
5/27/2016,10.8,348.9
5/28/2016,4,168.17
5/29/2016,0,128.83
5/30/2016,6.8,211.09
5/31/2016,5.6,232.76
6/1/2016,3.9,250.12
6/2/2016,3.1,152.73
6/3/2016,5.6,150.34
6/4/2016,35.9,182.23
6/5/2016,6.9,316.21
6/6/2016,10.2,344.35
6/7/2016,5.6,190.82
6/8/2016,96.8,337.93
6/9/2016,2.5,286.95
6/10/2016,6.4,318.07
6/11/2016,0.9,200.52
6/12/2016,22.5,207.61
6/13/2016,0.4,194.16
6/14/2016,0,159.32
6/15/2016,0,146.76
6/16/2016,7.4,324.13
6/17/2016,4.1,258.61
6/18/2016,27.9,217.84
6/19/2016,4.2,204.22
6/20/2016,31.6,197.55
6/21/2016,19.5,258.41
6/22/2016,0,202.92
6/23/2016,20.3,142.06
6/24/2016,0,151.95
6/25/2016,9.9,217.93
6/26/2016,0.4,166.6
6/27/2016,0,118.3
6/28/2016,0,100.58
6/29/2016,7.9,70.75
6/30/2016,0,77.51
7/1/2016,62.6,419.61
7/2/2016,21.9,393.11
7/3/2016,20,602.12
7/4/2016,0,471.77
7/5/2016,2.1,293.81
7/6/2016,8.1,280.51
7/7/2016,2.1,224.62
7/8/2016,0,158.17
7/9/2016,0.8,132.13
7/10/2016,0,110.9
7/11/2016,0,106.8
7/12/2016,46.5,176.4
7/13/2016,0.7,157.3
7/14/2016,10.6,381.3
7/15/2016,8.7,267
7/16/2016,2.7,242.9
7/17/2016,0.2,195.7
7/18/2016,2.5,161.7
7/19/2016,20.2,227.2
7/20/2016,4.7,219.3
7/21/2016,19.2,251.9
7/22/2016,0.9,206.2
7/23/2016,7.7,107
7/24/2016,0,129.23
7/25/2016,0,105.6
7/26/2016,0,91.04
7/27/2016,0,82.03
7/28/2016,5.7,117.71
7/29/2016,14.2,458.93
7/30/2016,15.7,403.75
7/31/2016,0,185.2
8/1/2016,0,130.81
8/2/2016,7.2,117.54
8/3/2016,3.1,140.04
8/4/2016,17.2,486.55
8/5/2016,17.7,488.29
8/6/2016,0,262.81
8/7/2016,12.5,285.14
8/8/2016,27.9,247.31
8/9/2016,2.4,190.32
8/10/2016,2.6,226.43
8/11/2016,9.4,312.03
8/12/2016,11.2,244.28
8/13/2016,0.1,171.38
8/14/2016,32,477.01
8/15/2016,0.8,280.7
8/16/2016,16.4,212.13
8/17/2016,10,175.85
8/18/2016,0,148.09
8/19/2016,28.8,421.87
8/20/2016,44,840.63
8/21/2016,1.8,306.02
8/22/2016,5.3,240.2
8/23/2016,5,207.15
8/24/2016,0,262.79
8/25/2016,0,145.35
8/26/2016,0,117.65
8/27/2016,4.5,118.01
8/28/2016,2.8,112.08
8/29/2016,0.7,97.1
8/30/2016,0,89.43
8/31/2016,19.6,156.75
9/1/2016,2.3,148.95
9/2/2016,70.7,476.13
9/3/2016,10.5,239.57
9/4/2016,8.8,269.22
9/5/2016,0,195.25
9/6/2016,0,144.73
9/7/2016,17.6,156.84
9/8/2016,0.4,186.41
9/9/2016,2.1,562.64
9/10/2016,10.8,403.58
9/11/2016,0,260.89
9/12/2016,0,197.21
9/13/2016,4.2,173.58
9/14/2016,0,173.58
9/15/2016,0,129.34
9/16/2016,3.3,172.78
9/17/2016,0,177.83
9/18/2016,2.5,208.28
9/19/2016,0,133.29
9/20/2016,0,135.59
9/21/2016,0,95.2
9/22/2016,0,99.04
9/23/2016,0,86.93
9/24/2016,0,84.49
9/25/2016,0,83.13
9/26/2016,0,76.62
9/27/2016,0,77.06
9/28/2016,0,74.08
9/29/2016,0,63.93
9/30/2016,0,60.77
10/1/2016,0,59.94
10/2/2016,0,59.44
10/3/2016,0,53.67
10/4/2016,0,54.33
10/5/2016,0,52.41
10/6/2016,0,47.91
10/7/2016,0,47.27
10/8/2016,0,46.63
10/9/2016,0,42.78
10/10/2016,0,47.18
10/11/2016,0,42.25
10/12/2016,0,45.55
10/13/2016,0,45.53
10/14/2016,0,37.05
10/15/2016,0,40.31
10/16/2016,0,39.66
10/17/2016,0,35.08
10/18/2016,0,39.01
10/19/2016,0,38.36
10/20/2016,0,39.02
10/21/2016,0,28.35
10/22/2016,0,33.79
10/23/2016,0,27.91
10/24/2016,4.7,29.87
10/25/2016,0.9,40.34
10/26/2016,0.1,46.26
10/27/2016,0,32.5
10/28/2016,0,33.81
10/29/2016,0.5,28.6
10/30/2016,0,27.28
10/31/2016,0,28.3
11/1/2016,6,22.31
11/2/2016,0,31.64
11/3/2016,0,26.25
11/4/2016,0,28.22
11/5/2016,0,25.65
11/6/2016,0,26.99
11/7/2016,0,26.99
11/8/2016,8.9,44
11/9/2016,12.7,171.66
11/10/2016,14.9,196.34
11/11/2016,2.6,88.5
11/12/2016,0,84.38
11/13/2016,0,69.62
11/14/2016,0,45.52
11/15/2016,0,46.15
11/16/2016,0,32.74
11/17/2016,0,33.64
11/18/2016,0,35.01
11/19/2016,0,31.61
11/20/2016,0,24.15
11/21/2016,0,26.87
11/22/2016,0,26.82
11/23/2016,0,24.5
11/24/2016,0,24.75
11/25/2016,0,21.31
11/26/2016,0,22.8
11/27/2016,0,20.09
11/28/2016,0,19.41
11/29/2016,0,19.84
11/30/2016,0,19.84
12/1/2016,0,22.14
12/2/2016,0,20.79
12/3/2016,0,18.07
12/4/2016,0,17.44
12/5/2016,0,18.07
12/6/2016,0,18.79
12/7/2016,0,15.39
12/8/2016,0,18.76
12/9/2016,0,16.72
12/10/2016,0,18.83
12/11/2016,0,14.12
12/12/2016,0,20.4
12/13/2016,0,19.04
12/14/2016,0,14.22
12/15/2016,0,13.53
12/16/2016,0.1,11.41
12/17/2016,0,14.22
12/18/2016,0,14.27
12/19/2016,0,17.03
12/20/2016,0,18.39
12/21/2016,0,14.92
12/22/2016,0,21.16
12/23/2016,0,19.77
12/24/2016,0,10.38
12/25/2016,0,14.2
12/26/2016,0,15.2
12/27/2016,0,13.13
12/28/2016,0,14.27
12/29/2016,0,11.5
12/30/2016,0,11.5
12/31/2016,0,10.78
1/1/2017,8.5,12.08
1/2/2017,2,19.69
1/3/2017,1.8,18.31
1/4/2017,7.9,20.19
1/5/2017,6.8,34.2
1/6/2017,5,40.39
1/7/2017,0.1,29.88
1/8/2017,0,22.29
1/9/2017,0,21.93
1/10/2017,5.6,62.15
1/11/2017,51.6,96.63
1/12/2017,41.2,187.35
1/13/2017,11.7,174.7
1/14/2017,0,62.65
1/15/2017,0.1,36.8
1/16/2017,0.1,41.04
1/17/2017,0,29.55
1/18/2017,0,24.53
1/19/2017,0,25.37
1/20/2017,0,22.3
1/21/2017,0,18.23
1/22/2017,0.7,18.3
1/23/2017,0,19.8
1/24/2017,0,19.03
1/25/2017,0,18.42
1/26/2017,0,19.11
1/27/2017,0,14.3
1/28/2017,0,14.3
1/29/2017,0,19.15
1/30/2017,0,19.15
1/31/2017,0,18.46
2/1/2017,0,18.68
2/2/2017,0,13.38
2/3/2017,5.5,27.75
2/4/2017,14.6,50.49
2/5/2017,0,20.76
2/6/2017,0,26.17
2/7/2017,0,23.17
2/8/2017,0,17.8
2/9/2017,0,16.43
2/10/2017,0,18.31
2/11/2017,0,10.1
2/12/2017,0,17.54
2/13/2017,0,17.24
2/14/2017,0,12.33
2/15/2017,0,14.73
2/16/2017,0,17.56
2/17/2017,0,14.98
2/18/2017,0,19.12
2/19/2017,0,17.78
2/20/2017,0,15.75
2/21/2017,0,11.85
2/22/2017,0,11.88
2/23/2017,0,18.2
2/24/2017,0,15.75
2/25/2017,0,13.06
2/26/2017,0,8.86
2/27/2017,0,14.5
2/28/2017,0,22.74
3/1/2017,5.1,19.95
3/2/2017,0,21.03
3/3/2017,0,20.23
3/4/2017,0,15.58
3/5/2017,0,12.06
3/6/2017,0,17.67
3/7/2017,1.5,18.42
3/8/2017,0,17.57
3/9/2017,31.8,48.23
3/10/2017,0.5,45.12
3/11/2017,0,33.68
3/12/2017,0.5,12.52
3/13/2017,0,24.36
3/14/2017,0,15.77
3/15/2017,0,11.84
3/16/2017,0,13.97
3/17/2017,1.5,17.67
3/18/2017,0.5,23.29
3/19/2017,23.1,69.01
3/20/2017,0,19.69
3/21/2017,0,11.17
3/22/2017,0,34.86
3/23/2017,0,12.25
3/24/2017,0,20.66
3/25/2017,0.2,26.13
3/26/2017,9.9,63.85
3/27/2017,2.8,56.75
3/28/2017,12.6,55.03
3/29/2017,8.2,67.24
3/30/2017,0,64.87
3/31/2017,21,192.37
4/1/2017,0,83.53
4/2/2017,0.4,49.56
4/3/2017,0,44.05
4/4/2017,4.5,47.97
4/5/2017,0.8,29.49
4/6/2017,0,39.2
4/7/2017,0,26.95
4/8/2017,0,22.24
4/9/2017,0,16.83
4/10/2017,0,31.09
4/11/2017,0,20.44
4/12/2017,4.5,20.1
4/13/2017,3.9,27
4/14/2017,0,26.43
4/15/2017,0,19.81
4/16/2017,5,23.27
4/17/2017,1.4,13.38
4/18/2017,23.6,83.14
4/19/2017,3,81.19
4/20/2017,0,38.78
4/21/2017,0,24.77
4/22/2017,6.2,51.77
4/23/2017,9.6,67.35
4/24/2017,0.2,76.72
4/25/2017,3.3,64.27
4/26/2017,28.9,66.9
4/27/2017,0.6,73.22
4/28/2017,0.3,64.23
4/29/2017,0.2,48.09
4/30/2017,0,41.64
5/1/2017,0.2,34.71
5/2/2017,0,28.05
5/3/2017,0,24.36
5/4/2017,0,22.54
5/5/2017,0,21.93
5/6/2017,4.5,50.51
5/7/2017,1.8,30.85
5/8/2017,0,39.19
5/9/2017,0,27.1
5/10/2017,0,20.94
5/11/2017,2.9,27.87
5/12/2017,0.7,17.44
5/13/2017,0,26.43
5/14/2017,3.7,19.37
5/15/2017,2,83.12
5/16/2017,0,37.85
5/17/2017,6.1,26.81
5/18/2017,7.3,71.33
5/19/2017,2.1,100.89
5/20/2017,0,68.27
5/21/2017,0.1,53.9
5/22/2017,0,57.07
5/23/2017,0,41.07
5/24/2017,24.6,241.57
5/25/2017,28.4,153.09
5/26/2017,0,77.46
5/27/2017,0,52.75
5/28/2017,0,41.58
5/29/2017,0,36.53
5/30/2017,0,38.32
5/31/2017,8.7,37.49
6/1/2017,0,33.06
6/2/2017,0,22.92
6/3/2017,0,27.84
6/4/2017,15.1,37.09
6/5/2017,0,29.31
6/6/2017,0,37.76
6/7/2017,15.4,34.65
6/8/2017,0,35.17
6/9/2017,1.6,26.54
6/10/2017,6.9,60.88
6/11/2017,5.1,89.05
6/12/2017,1,153.74
6/13/2017,7.4,298.05
6/14/2017,2.8,290.54
6/15/2017,0.4,212.07
6/16/2017,4.8,263.02
6/17/2017,2.8,197.79
6/18/2017,17.5,646.56
6/19/2017,32.2,704.18
6/20/2017,9.8,524.97
6/21/2017,21.3,407.32
6/22/2017,12.5,273.44
6/23/2017,0.2,201.19
6/24/2017,1.6,147.38
6/25/2017,0,221.93
6/26/2017,72.6,545.64
6/27/2017,0.1,314.64
6/28/2017,74.5,703.54
6/29/2017,22.3,644.21
6/30/2017,23.6,610.11
7/1/2017,5.4,805.77
7/2/2017,18.5,917.32
7/3/2017,116.4,"1,919.81"
7/4/2017,23.4,"1,389.46"
7/5/2017,9.5,766.72
7/6/2017,34.1,773.74
7/7/2017,36.6,847.45
7/8/2017,22.6,834.4
7/9/2017,7,982.85
7/10/2017,32.5,824.43
7/11/2017,1.5,442.24
7/12/2017,7.6,415.97
7/13/2017,0.7,313.66
7/14/2017,0.4,890.98
7/15/2017,3.7,348.74
7/16/2017,4.5,243.4
7/17/2017,11.3,421.24
7/18/2017,11.3,359.43
7/19/2017,11.9,418.19
7/20/2017,29,313.37
7/21/2017,3,377.96
7/22/2017,0,311.11
7/23/2017,0,209.24
7/24/2017,0,188.1
7/25/2017,8.2,181.51
7/26/2017,0.9,165.66
7/27/2017,0,126.82
7/28/2017,0,117.27
7/29/2017,0,102.38
7/30/2017,0,96.95
7/31/2017,3.7,185.55
8/1/2017,73.2,126.99
8/2/2017,6.5,467.5
8/3/2017,0.7,348.99
8/4/2017,4.8,279.51
8/5/2017,63.3,316.2
8/6/2017,16.1,303.3
8/7/2017,6,255.66
8/8/2017,0.8,252.76
8/9/2017,14.9,300.47
8/10/2017,33.6,359.07
8/11/2017,2,298
8/12/2017,6.1,323.54
8/13/2017,29.6,244.2
8/14/2017,1.9,266.86
8/15/2017,83.3,606.41
8/16/2017,13.3,496.25
8/17/2017,7.5,759.28
8/18/2017,12.2,418.36
8/19/2017,2.7,300.7
8/20/2017,0,233.55
8/21/2017,0,232.53
8/22/2017,0,174.64
8/23/2017,12.4,193.89
8/24/2017,47.3,423.38
8/25/2017,4.5,473.02
8/26/2017,4.2,303.96
8/27/2017,0,206.94
8/28/2017,2.8,215.57
8/29/2017,1.5,316.29
8/30/2017,3.1,262.02
8/31/2017,6.9,322.32
9/1/2017,13.8,320.52
9/2/2017,0.3,289.15
9/3/2017,0.8,308.28
9/4/2017,6.4,269.7
9/5/2017,0.5,385.81
9/6/2017,24.9,448.75
9/7/2017,0.1,339.76
9/8/2017,15.8,425.91
9/9/2017,22.3,345
9/10/2017,15.9,363.57
9/11/2017,2.3,310.4
9/12/2017,8.6,251.06
9/13/2017,0,275.58
9/14/2017,1.8,242.87
9/15/2017,5.4,174.49
9/16/2017,6.2,260.34
9/17/2017,0,191.16
9/18/2017,0,160.91
9/19/2017,0,138.5
9/20/2017,0,132.33
9/21/2017,0,156.93
9/22/2017,0,175.72
9/23/2017,0,114.77
9/24/2017,0,107.3
9/25/2017,0.6,96.27
9/26/2017,13.2,128.64
9/27/2017,0,104.92
9/28/2017,0,111.36
9/29/2017,7.3,80.57
9/30/2017,0,84.21
10/1/2017,0,89.1
10/2/2017,0,191.99
10/3/2017,2.4,122.08
10/4/2017,3.6,90.5
10/5/2017,0,81.4
10/6/2017,0,76.97
10/7/2017,0.6,84.49
10/8/2017,0.3,72.53
10/9/2017,0,77.54
10/10/2017,8.7,145.64
10/11/2017,40.1,357.93
10/12/2017,7.6,145.09
10/13/2017,0,116.46
10/14/2017,0,97.65
10/15/2017,0,61.89
10/16/2017,0.2,87.01
10/17/2017,0,77.31
10/18/2017,0,70.78
10/19/2017,0,58.33
10/20/2017,0,59.52
10/21/2017,0,62.86
10/22/2017,26.9,165.61
10/23/2017,10.5,155.42
10/24/2017,0.5,123.93
10/25/2017,0,113.71
10/26/2017,0.4,89.17
10/27/2017,1.9,87.58
10/28/2017,0,78.32
10/29/2017,0,66.28
10/30/2017,0,61.26
10/31/2017,0,57.32
11/1/2017,0,55.45
11/2/2017,0,48.99
11/3/2017,0,47.48
11/4/2017,0,40.33
11/5/2017,0,39.02
11/6/2017,1.9,42.83
11/7/2017,0.9,42.11
11/8/2017,0,35.93
11/9/2017,3,51.93
11/10/2017,0.3,62.85
11/11/2017,2.7,45.68
11/12/2017,0,38.81
11/13/2017,0,40.13
11/14/2017,0,39.92
11/15/2017,0,33.78
11/16/2017,0,34.12
11/17/2017,0,32.96
11/18/2017,0,32.01
11/19/2017,0,36.72
11/20/2017,0,32.04
11/21/2017,0,30.36
11/22/2017,0,32.39
11/23/2017,3.1,96.36
11/24/2017,14.4,220.39
11/25/2017,11.2,178.29
11/26/2017,0,91.9
11/27/2017,0,76.4
11/28/2017,0,50.88
11/29/2017,0,50.45
11/30/2017,0,46.98
12/1/2017,0,49.5
12/2/2017,0,37.56
12/3/2017,0,37.83
12/4/2017,0,40.72
12/5/2017,0,36.03
12/6/2017,0,41.39
12/7/2017,0,36.37
12/8/2017,0,32.53
12/9/2017,0.4,38.48
12/10/2017,0,24.65
12/11/2017,7.4,21.17
12/12/2017,4.5,27.41
12/13/2017,0.1,40.56
12/14/2017,0,32.95
12/15/2017,0,28.8
12/16/2017,0,29.91
12/17/2017,0,20.32
12/18/2017,0,21.89
12/19/2017,0,26.52
12/20/2017,0,26.05
12/21/2017,0,22.59
12/22/2017,0,17.98
12/23/2017,0,12.78
12/24/2017,0,27.21
12/25/2017,0,27.21
12/26/2017,0,23.92
12/27/2017,13,48.76
12/28/2017,15.4,53.41
12/29/2017,0.1,35.03
12/30/2017,1.3,28.09
12/31/2017,1.2,30.16
1/1/2018,0.1,34.33
1/2/2018,0.3,34.32
1/3/2018,0,32.94
1/4/2018,1.4,39.92
1/5/2018,0,34.81
1/6/2018,26.7,115.05
1/7/2018,10.6,138.42
1/8/2018,10.5,265.34
1/9/2018,30.4,209.88
1/10/2018,0.1,92.89
1/11/2018,0,73.36
1/12/2018,0,58.46
1/13/2018,0,55.53
1/14/2018,0,108.33
1/15/2018,0,42.04
1/16/2018,0,46.06
1/17/2018,0,38.04
1/18/2018,0,40.25
1/19/2018,0,40.01
1/20/2018,0,33.03
1/21/2018,0,33.65
1/22/2018,0,32.25
1/23/2018,0,40.5
1/24/2018,0,23.79
1/25/2018,0,23.79
1/26/2018,0,26.19
1/27/2018,0.3,46.8
1/28/2018,0,27.6
1/29/2018,0,27.7
1/30/2018,0.2,27.98
1/31/2018,0,21.05
2/1/2018,0.2,22.69
2/2/2018,0,29.41
2/3/2018,0,23.46
2/4/2018,0,23.8
2/5/2018,0,20.97
2/6/2018,0,32.06
2/7/2018,0,26.9
2/8/2018,0,27.05
2/9/2018,0,29.03
2/10/2018,0,28.19
2/11/2018,0,22.7
2/12/2018,0,29.21
2/13/2018,0,27.11
2/14/2018,0,21
2/15/2018,0,28.69
2/16/2018,0,22.63
2/17/2018,0,21.12
2/18/2018,0,21.98
2/19/2018,0,20.25
2/20/2018,0,19
2/21/2018,0,15.67
2/22/2018,0,19.3
2/23/2018,2.7,22.74
2/24/2018,2.8,30.63
2/25/2018,0,24.64
2/26/2018,0,24.05
2/27/2018,3.1,22.57
2/28/2018,0,28.41
3/1/2018,0,19.08
3/2/2018,0,24.76
3/3/2018,0,15.1
3/4/2018,0,14.33
3/5/2018,0,17
3/6/2018,0,18.57
3/7/2018,0,15.02
3/8/2018,0,11.33
3/9/2018,0,17.09
3/10/2018,0,20.23
3/11/2018,1.3,14.5
3/12/2018,1.7,16.71
3/13/2018,6.1,36.72
3/14/2018,0,35.98
3/15/2018,0,21.95
3/16/2018,0,22.03
3/17/2018,0,22.03
3/18/2018,1,34.95
3/19/2018,0,25.26
3/20/2018,0,22.05
3/21/2018,7.3,20.75
3/22/2018,4.3,21.53
3/23/2018,10.2,34.5
3/24/2018,8.5,47.65
3/25/2018,0,39.86
3/26/2018,0.8,20.26
3/27/2018,0,15.03
3/28/2018,8.7,41.49
3/29/2018,0,39.01
3/30/2018,22.1,40.21
3/31/2018,0,27.49
4/1/2018,0,25.04
4/2/2018,0,46.23
4/3/2018,0.5,24.59
4/4/2018,21.1,41.63
4/5/2018,0.8,56.83
4/6/2018,1.8,34.02
4/7/2018,0,22.3
4/8/2018,0,22.2
4/9/2018,0,22.83
4/10/2018,0,19.44
4/11/2018,0,12.69
4/12/2018,0,16.72
4/13/2018,0,16.72
4/14/2018,0,12.73
4/15/2018,1,17.9
4/16/2018,27.6,48.68
4/17/2018,0,33.37
4/18/2018,0,30.57
4/19/2018,21.2,36.71
4/20/2018,0.9,49.08
4/21/2018,0,37.68
4/22/2018,0,38.12
4/23/2018,4.6,24.1
4/24/2018,0,17.41
4/25/2018,4.3,28.89
4/26/2018,0,44.55
4/27/2018,37.2,222.48
4/28/2018,0,21.93
4/29/2018,3.6,72.26
4/30/2018,0,62.87
5/1/2018,0,42.81
5/2/2018,19.2,55.54
5/3/2018,10.2,93.36
5/4/2018,18.7,199.11
5/5/2018,8.7,344.32
5/6/2018,23.5,259.56
5/7/2018,4,149.74
5/8/2018,0,84.46
5/9/2018,0,67.86
5/10/2018,0,85.87
5/11/2018,19.5,77.32
5/12/2018,12.4,190.12
5/13/2018,0.3,120.02
5/14/2018,5.3,82.21
5/15/2018,1.3,64.17
5/16/2018,0,72.67
5/17/2018,0,42.58
5/18/2018,0,32.72
5/19/2018,0,45.38
5/20/2018,0,34.8
5/21/2018,3.1,41.09
5/22/2018,4.3,37.85
5/23/2018,0.8,41.93
5/24/2018,4.1,37.69
5/25/2018,0,46.16
5/26/2018,0,56.14
5/27/2018,1.5,100.47
5/28/2018,18.2,230.31
5/29/2018,8.7,210.31
5/30/2018,0.8,130.5
5/31/2018,11.4,212.83
6/1/2018,1.7,134.59
6/2/2018,4.4,150.94
6/3/2018,0,102.02
6/4/2018,0.4,241.13
6/5/2018,2.7,137.29
6/6/2018,0,94.36
6/7/2018,0,83.91
6/8/2018,0,61.26
6/9/2018,60,183.55
6/10/2018,58.3,295.16
6/11/2018,18.6,401.13
6/12/2018,41.9,403.24
6/13/2018,2.4,320.16
6/14/2018,16,402.17
6/15/2018,1.6,611.24
6/16/2018,42.5,511.4
6/17/2018,0.3,336.25
6/18/2018,0.7,280.65
6/19/2018,31.2,284.21
6/20/2018,0,191.71
6/21/2018,0.8,261.71
6/22/2018,0.7,231.56
6/23/2018,3.6,341.41
6/24/2018,83.8,"3,355.89"
6/25/2018,24.8,"2,002.56"
6/26/2018,5.7,"1,096.74"
6/27/2018,15.4,823.71
6/28/2018,4.2,629.68
6/29/2018,1.1,516.08
6/30/2018,3.4,457.93
7/1/2018,0.4,535.78
7/2/2018,7.8,395.26
7/3/2018,1.2,446.96
7/4/2018,1.3,346.1
7/5/2018,1.4,251.91
7/6/2018,0,256.04
7/7/2018,4.5,428.82
7/8/2018,14.6,447.72
7/9/2018,6.8,499.91
7/10/2018,3.8,280.91
7/11/2018,0,232.69
7/12/2018,0,175.74
7/13/2018,0,148.6
7/14/2018,0,125.99
7/15/2018,8.9,133.28
7/16/2018,0.4,138.67
7/17/2018,0,138.67
7/18/2018,0.1,129.43
7/19/2018,10.9,262.61
7/20/2018,87.2,441.71
7/21/2018,11.4,320.3
7/22/2018,0,189.17
7/23/2018,0.2,151.22
7/24/2018,4.7,139.64
7/25/2018,45.5,191.64
7/26/2018,11.1,290.47
7/27/2018,7.2,164.96
7/28/2018,7.1,132.43
7/29/2018,2.6,128.13
7/30/2018,0.4,154.58
7/31/2018,7.2,312.52
8/1/2018,19.5,383.99
8/2/2018,23.6,512.56
8/3/2018,29.7,700.97
8/4/2018,42.3,926.41
8/5/2018,2,512.5
8/6/2018,8.3,414.82
8/7/2018,5.9,406.47
8/8/2018,2,324.3
8/9/2018,0,300.6
8/10/2018,0,206.26
8/11/2018,12.6,214.42
8/12/2018,0.1,269.1
8/13/2018,0.6,163.79
8/14/2018,0,176.81
8/15/2018,1.2,152.67
8/16/2018,11.8,192.29
8/17/2018,8.3,289.8
8/18/2018,0,167.54
8/19/2018,0,145.33
8/20/2018,4.8,156.14
8/21/2018,0.7,144.26
8/22/2018,9.2,156.14
8/23/2018,27.8,169.9
8/24/2018,0.6,171.44
8/25/2018,6.7,143.37
8/26/2018,0,111.2
8/27/2018,0,102.24
8/28/2018,20.7,142.55
8/29/2018,34.3,164.38
8/30/2018,18.6,217.72
8/31/2018,65,571.88
9/1/2018,4.9,425.44
9/2/2018,39.1,"1,079.71"
9/3/2018,5.5,972.82
9/4/2018,1.2,463.66
9/5/2018,3,387.59
9/6/2018,0,283.6
9/7/2018,5.1,283.6
9/8/2018,2.7,194.53
9/9/2018,0,168.38
9/10/2018,0,153.61
9/11/2018,0,151.22
9/12/2018,0,147.86
9/13/2018,3,126.2
9/14/2018,0.7,126.2
9/15/2018,0,111.83
9/16/2018,0,95.21
9/17/2018,0.6,91.12
9/18/2018,0.2,99.6
9/19/2018,5.3,97.86
9/20/2018,0,82.26
9/21/2018,0,80.98
9/22/2018,0,75.55
9/23/2018,0,75.67
9/24/2018,0,74.74
9/25/2018,0.1,69.54
9/26/2018,0,69.39
9/27/2018,0,68.02
9/28/2018,43.9,186.81
9/29/2018,0,87.74
9/30/2018,0,64.91
10/1/2018,0,62.51
10/2/2018,0,52
10/3/2018,0,54.2
10/4/2018,0,52.44
10/5/2018,0,48.05
10/6/2018,0,48.68
10/7/2018,0,46.8
10/8/2018,0,50.12
10/9/2018,0.2,43.73
10/10/2018,19.2,78.01
10/11/2018,0.1,60.95
10/12/2018,0,51.05
10/13/2018,0,51.42
10/14/2018,1.6,75.87
10/15/2018,0,64.65
10/16/2018,10.2,90.03
10/17/2018,11.4,137.1
10/18/2018,1.5,70.88
10/19/2018,0,58.15
10/20/2018,0,52
10/21/2018,0,48.66
10/22/2018,21.7,93.39
10/23/2018,0.7,127.61
10/24/2018,63.1,311.93
10/25/2018,24.1,170.2
10/26/2018,2.6,116.93
10/27/2018,2.8,136.29
10/28/2018,0,136.62
10/29/2018,0,86.53
10/30/2018,0,81.49
10/31/2018,0,65.91
11/1/2018,0,54.85
11/2/2018,0,55.01
11/3/2018,0,51.34
11/4/2018,0,47.69
11/5/2018,0,48.08
11/6/2018,0,46.27
11/7/2018,0,39.83
11/8/2018,0,36.54
11/9/2018,0,40.78
11/10/2018,0,40.66
11/11/2018,1.8,41.64
11/12/2018,0,38.47
11/13/2018,0,38
11/14/2018,0.7,53.07
11/15/2018,5.2,57.48
11/16/2018,0.2,40.88
11/17/2018,0.4,47.67
11/18/2018,0.2,76.19
11/19/2018,0,57.43
11/20/2018,0,48.88
11/21/2018,0,43.18
11/22/2018,0.8,38.37
11/23/2018,0,37.18
11/24/2018,0,34.72
11/25/2018,0,30.27
11/26/2018,0,31.98
11/27/2018,0,28.1
11/28/2018,0,30.71
11/29/2018,0,26.6
11/30/2018,0,28.01
12/1/2018,0,23.98
12/2/2018,0,26.88
12/3/2018,0,22.51
12/4/2018,0,25.83
12/5/2018,0,23.48
12/6/2018,0,27.86
12/7/2018,0,24.84
12/8/2018,0,27.07
12/9/2018,1.9,33.11
12/10/2018,3,55.32
12/11/2018,0.9,57.07
12/12/2018,7.9,42.67
12/13/2018,2.2,51.76
12/14/2018,0,34.09
12/15/2018,0,32.66
12/16/2018,0,37.38
12/17/2018,0,27.95
12/18/2018,0,28.07
12/19/2018,0,27.64
12/20/2018,0.3,26.55
12/21/2018,0,28.46
12/22/2018,0,17.9
12/23/2018,0,28.48
12/24/2018,0,21.35
12/25/2018,0,26.22
12/26/2018,0,25.28
12/27/2018,0,20.38
12/28/2018,0,20.12
12/29/2018,1.6,19.07
12/30/2018,13.9,39.83
12/31/2018,2.6,44.62
1/1/2019,0,29.64
1/2/2019,0,24.53
1/3/2019,0,29.46
1/4/2019,0,22.55
1/5/2019,0,24.16
1/6/2019,0,21.16
1/7/2019,0,35.01
1/8/2019,0,146.17
1/9/2019,0,367.48
1/10/2019,0,246.58
1/11/2019,0,110.23
1/12/2019,0,70.49
1/13/2019,0,57.28
1/14/2019,0,43.07
1/15/2019,0,45.52
1/16/2019,0,111.05
1/17/2019,0,62.14
1/18/2019,0,49.51
1/19/2019,0,47.58
1/20/2019,0,47.4
1/21/2019,0,41.34
1/22/2019,0,41.71
1/23/2019,0,30.62
1/24/2019,0,39.39
1/25/2019,0,31.66
1/26/2019,0,30.69
1/27/2019,0,28.74
1/28/2019,0,28.75
1/29/2019,0,28.77
1/30/2019,0,25.09
1/31/2019,0,29.15
2/1/2019,0,26.36
2/2/2019,0,25.04
2/3/2019,0,23.21
2/4/2019,0,24.4
2/5/2019,0,21.39
2/6/2019,0,23.04
2/7/2019,0,17.34
2/8/2019,0,20.64
2/9/2019,0,20.45
2/10/2019,0,19.35
2/11/2019,0,17.58
2/12/2019,0,20.81
2/13/2019,0,20.45
2/14/2019,0,19.01
2/15/2019,0,18.86
2/16/2019,0,22.55
2/17/2019,0,32.9
2/18/2019,0,34.93
2/19/2019,0,23.91
2/20/2019,0,25.38
2/21/2019,0,33.63
2/22/2019,0,20.67
2/23/2019,0,20.43
2/24/2019,0,19.3
2/25/2019,0,16.06
2/26/2019,0,23.13
2/27/2019,0,12.42
2/28/2019,0,20.54
3/1/2019,0,18.47
3/2/2019,0,16.16
3/3/2019,0,18.37
3/4/2019,0,16.06
3/5/2019,0,23.9
3/6/2019,0,21.71
3/7/2019,0,19.19
3/8/2019,0,19.01
3/9/2019,0,27.4
3/10/2019,0,17.83
3/11/2019,0,19
3/12/2019,0,14.33
3/13/2019,0,12.06
3/14/2019,0,15.48
3/15/2019,0,15.33
3/16/2019,0,14.5
3/17/2019,0,10.07
3/18/2019,0,18.24
3/19/2019,0,17.5
3/20/2019,0,16.57
3/21/2019,0,13.66
3/22/2019,0,15.41
3/23/2019,0,15.18
3/24/2019,0,10.57
3/25/2019,0,16.77
3/26/2019,0,11.7
3/27/2019,0,18.55
3/28/2019,0,18.48
3/29/2019,0,17.68
3/30/2019,0,17.49
3/31/2019,0,14.99
4/1/2019,0,12.06
4/2/2019,0,14.64
4/3/2019,0,60.15
4/4/2019,0,59.2
4/5/2019,0,22.6
4/6/2019,0,16.24
4/7/2019,0,15.62
4/8/2019,0,39.21
4/9/2019,0,21.32
4/10/2019,0,17.45
4/11/2019,0,11.97
4/12/2019,0,11.67
4/13/2019,0,10.01
4/14/2019,0,14.63
4/15/2019,0,11.22
4/16/2019,0,12.17
4/17/2019,0,12.71
4/18/2019,0,10.46
4/19/2019,0,12.3
4/20/2019,0,4.75
4/21/2019,0,7.96
4/22/2019,0,10.33
4/23/2019,0,11.2
4/24/2019,0,7.9
4/25/2019,0,10.2
4/26/2019,0,5.71
4/27/2019,0,6.92
4/28/2019,0,22.67
4/29/2019,0,24.6
4/30/2019,0,9.75
5/1/2019,0,41.77
5/2/2019,0,16.74
5/3/2019,0,12.37
5/4/2019,0,24.51
5/5/2019,0,11.99
5/6/2019,0,10.2
5/7/2019,0,14.29
5/8/2019,0,13.79
5/9/2019,0,13.82
5/10/2019,0,13.35
5/11/2019,0,10.61
5/12/2019,0,119.95
5/13/2019,0,87.82
5/14/2019,0,166.9
5/15/2019,0,51.73
5/16/2019,0,25.68
5/17/2019,0,25.91
5/18/2019,0,18.82
5/19/2019,0,12.5
5/20/2019,0,12.71
5/21/2019,0,9.12
5/22/2019,0,176.03
5/23/2019,0,41.65
5/24/2019,0,176.34
5/25/2019,0,74.38
5/26/2019,0,40.47
5/27/2019,0,39.65
5/28/2019,0,152.36
5/29/2019,0,460.08
5/30/2019,0,273.78
5/31/2019,0,416.92
6/1/2019,0,691.05
6/2/2019,0,413.84
6/3/2019,0,235.42
6/4/2019,0,373.3
6/5/2019,0,405.22
6/6/2019,0,254.1
6/7/2019,0,196.64
6/8/2019,0,721.06
6/9/2019,0,288.8
6/10/2019,0,201.52
6/11/2019,0,427.96
6/12/2019,0,247.47
6/13/2019,0,174.19
6/14/2019,0,181.04
6/15/2019,0,210.54
6/16/2019,0,150.77
6/17/2019,0,175.75
6/18/2019,0,251.9
6/19/2019,0,260.15
6/20/2019,0,167.56
6/21/2019,0,130.15
6/22/2019,0,103.39
6/23/2019,0,89.06
6/24/2019,0,809.62
6/25/2019,0,381.45
6/26/2019,0,361.13
6/27/2019,0,270.46
6/28/2019,0,246.6
6/29/2019,0,212.88
6/30/2019,0,382.33
7/1/2019,0,323.78
7/2/2019,0,202.81
7/3/2019,0,172.98
7/4/2019,0,259.55
7/5/2019,0,480.27
7/6/2019,0,381.04
7/7/2019,0,337.37
7/8/2019,0,250.75
7/9/2019,0,227.78
7/10/2019,0,777.5
7/11/2019,0,722.22
7/12/2019,0,496.28
7/13/2019,0,342.36
7/14/2019,0,469.42
7/15/2019,0,469.42
7/16/2019,0,456.29
7/17/2019,0,290.26
7/18/2019,0,221.36
7/19/2019,0,188.28
7/20/2019,0,522.04
7/21/2019,0,292.36
7/22/2019,0,239.2
7/23/2019,0,774.12
7/24/2019,0,151.69
7/25/2019,0,490.1
7/26/2019,0,510.61
7/27/2019,0,368.15
7/28/2019,0,279.35
7/29/2019,0,254.39
7/30/2019,0,241.45
7/31/2019,0,206.74
8/1/2019,0,165.42
8/2/2019,0,167.91
8/3/2019,0,190.32
8/4/2019,0,462.96
8/5/2019,0,354.94
8/6/2019,0,251.39
8/7/2019,0,313.68
8/8/2019,0,330.76
8/9/2019,0,225.03
8/10/2019,0,174.28
8/11/2019,0,157.04
8/12/2019,0,160.97
8/13/2019,0,133.59
8/14/2019,0,112.21
8/15/2019,0,129.39
8/16/2019,0,168.92
8/17/2019,0,116.3
8/18/2019,0,109.27
8/19/2019,0,140.28
8/20/2019,0,137.14
8/21/2019,0,96.27
8/22/2019,0,87.27
8/23/2019,0,79.93
8/24/2019,0,77.78
8/25/2019,0,70.44
8/26/2019,0,67.79
8/27/2019,0,88.28
8/28/2019,0,74.01
8/29/2019,0,64.6
8/30/2019,0,258.9
8/31/2019,0,545.25
9/1/2019,0,218.64
9/2/2019,0,183.85
9/3/2019,0,159
9/4/2019,0,129.5
9/5/2019,0,858.95
9/6/2019,0,104.2
9/7/2019,0,104.2
9/8/2019,0,58.42
9/9/2019,0,96.95
9/10/2019,0,105.4
9/11/2019,0,323.56
9/12/2019,0,302.47
9/13/2019,0,184.1
9/14/2019,0,93.5
9/15/2019,0,104.19
9/16/2019,0,78.4
9/17/2019,0,74.6
9/18/2019,0,97.5
9/19/2019,0,93.5
9/20/2019,0,108.6
9/21/2019,0,78.4
9/22/2019,0,58.48
9/23/2019,0,58.63
9/24/2019,0,55.03
9/25/2019,0,49
9/26/2019,0,64.5
9/27/2019,0,49.1
9/28/2019,0,64.5
9/29/2019,0,38.83
9/30/2019,0,42.91
10/1/2019,0,18.3
10/2/2019,0,75.32
10/3/2019,0,56.8
10/4/2019,0,100.37
10/5/2019,0,56.8
10/6/2019,0,59.37
10/7/2019,0,49.1
10/8/2019,0.4,45.25
10/9/2019,0,49.1
10/10/2019,0,47.19
10/11/2019,0,60.21
10/12/2019,0,76.11
10/13/2019,0,83.75
10/14/2019,0,105.92
10/15/2019,0,50
10/16/2019,11.2,50
10/17/2019,0,20
10/18/2019,0,85.15
10/19/2019,0,59.42
10/20/2019,0,57.8
10/21/2019,0,61.75
10/22/2019,0,34.3
10/23/2019,0,50
10/24/2019,16.4,50.1
10/25/2019,0,33
10/26/2019,0,32.5
10/27/2019,0,39.05
10/28/2019,2.8,31.13
10/29/2019,0,43.03
10/30/2019,0,37.4
10/31/2019,0,45.4
11/1/2019,0,10.45
11/2/2019,0,17.45
11/3/2019,0,17.9
11/4/2019,0,17.9
11/5/2019,0,17.9
11/6/2019,0,17.9
11/7/2019,1.6,17.9
11/8/2019,0,17.9
11/9/2019,0,10.4
11/10/2019,0,25.5
11/11/2019,0,17.9
11/12/2019,0,17.9
11/13/2019,0,17.9
11/14/2019,0,17.9
11/15/2019,0,17.9
11/16/2019,0,25.45
11/17/2019,0,33
11/18/2019,0,17.9
11/19/2019,0,17.9
11/20/2019,0,16.96
11/21/2019,0,17.9
11/22/2019,0,20.42
11/23/2019,0,10.3
11/24/2019,0,20.34
11/25/2019,0.4,17.9
11/26/2019,0,17.9
11/27/2019,0,17.9
11/28/2019,0,17.9
11/29/2019,0,17.9
11/30/2019,0,17.9
12/1/2019,0,17.9
12/2/2019,0,16.88
12/3/2019,0,17.9
12/4/2019,0,17.9
12/5/2019,0,12.2
12/6/2019,0,10.3
12/7/2019,0,10.3
12/8/2019,0,10.3
12/9/2019,0,10
12/10/2019,0,2.8
12/11/2019,0,14.66
12/12/2019,0,10.3
12/13/2019,0,10.3
12/14/2019,0,7.8
12/15/2019,0,8.7
12/16/2019,0,17.9
12/17/2019,0,15.09
12/18/2019,0,16.24
12/19/2019,0,17.6
12/20/2019,0,10.15
12/21/2019,0,10.1
12/22/2019,0,16.1
12/23/2019,0,17.5
12/24/2019,0,10
12/25/2019,0,10
12/26/2019,0,14.5
12/27/2019,0,9.1
12/28/2019,0.4,10.1
12/29/2019,0,68.03
12/30/2019,0,45.25
12/31/2019,0,17.5
1/1/2020,0,17.5
1/2/2020,0,17.5
1/3/2020,0,17.5
1/4/2020,0,17.5
1/5/2020,0,17.5
1/6/2020,0,17.5
1/7/2020,0,15.71
1/8/2020,0,17.5
1/9/2020,0,23.05
1/10/2020,0,16.16
1/11/2020,0,9.4
1/12/2020,0,17.5
1/13/2020,0,11.6
1/14/2020,0,6.14
1/15/2020,0,15.65
1/16/2020,0,7.5
1/17/2020,0,10.1
1/18/2020,0,10.1
1/19/2020,0,11.95
1/20/2020,0,11.38
1/21/2020,0,13.24
1/22/2020,0,10.1
1/23/2020,0,12.1
1/24/2020,0,17.5
1/25/2020,0,15
1/26/2020,0,17.5
1/27/2020,0,6.4
1/28/2020,0,10.1
1/29/2020,0,6.4
1/30/2020,0,7.4
1/31/2020,0,10.1
2/1/2020,0,16.93
2/2/2020,0,14.46
2/3/2020,0,17.5
2/4/2020,0,18.52
2/5/2020,0,25
2/6/2020,0,21.3
2/7/2020,0,17.5
2/8/2020,0,17.04
2/9/2020,0,7.18
2/10/2020,0,17.5
2/11/2020,0,37.98
2/12/2020,0,21.2
2/13/2020,0,15.2
2/14/2020,0,12
2/15/2020,0,17.1
2/16/2020,0,17.1
2/17/2020,0,12.69
2/18/2020,0,17.1
2/19/2020,1.6,9
2/20/2020,0,7.8
2/21/2020,0,7.1
2/22/2020,0,15.95
2/23/2020,0,14.3
2/24/2020,0,17.18
2/25/2020,0,9.12
2/26/2020,0,9.4
2/27/2020,0,12
2/28/2020,0,8.03
2/29/2020,0,13.2
3/1/2020,0,12
3/2/2020,0,32.95
3/3/2020,0,16
3/4/2020,0,28.41
3/5/2020,0,15.7
3/6/2020,0.8,14.05
3/7/2020,0,23.52
3/8/2020,0,13.7
3/9/2020,0,9.18
3/10/2020,0,16.7
3/11/2020,0,15.93
3/12/2020,0,14.96
3/13/2020,0,10.4
3/14/2020,0,11.8
3/15/2020,0,8.6
3/16/2020,0,7.42
3/17/2020,0,9.78
3/18/2020,0,8.53
3/19/2020,0,14.6
3/20/2020,0,7
3/21/2020,28.4,38.43
3/22/2020,0,27
3/23/2020,0,35.87
3/24/2020,0,10.96
3/25/2020,0,13.63
3/26/2020,0,51.9
3/27/2020,0,30.95
3/28/2020,0,15.52
3/29/2020,0,14
3/30/2020,0,14
3/31/2020,0,7
4/1/2020,0,8
4/2/2020,0,13.9
4/3/2020,0,8
4/4/2020,0,15.75
4/5/2020,0,13.9
4/6/2020,0,84.01
4/7/2020,0,36.1
4/8/2020,0,13.9
4/9/2020,0,16.24
4/10/2020,0,25.9
4/11/2020,0,13.9
4/12/2020,0,25
4/13/2020,0,64.75
4/14/2020,0,63.57
4/15/2020,0,49.8
4/16/2020,0,22.93
4/17/2020,0,26.37
4/18/2020,0,53.25
4/19/2020,0,37.8
4/20/2020,0,24.19
4/21/2020,0,19.9
4/22/2020,0,51.26
4/23/2020,0,270.25
4/24/2020,0,365.85
4/25/2020,0,177.86
4/26/2020,0,157.75
4/27/2020,0,126.3
4/28/2020,0,75
4/29/2020,0,40.46
4/30/2020,0,40.8
5/1/2020,0,39.5
5/2/2020,0,42.6
5/3/2020,0,39.5
5/4/2020,0,23.9
5/5/2020,0,26.58
5/6/2020,0,22.15
5/7/2020,0,14.43
5/8/2020,69.6,15.05
5/9/2020,0,36.6
5/10/2020,0,31.5
5/11/2020,0,32.22
5/12/2020,30.8,44.46
5/13/2020,1.2,34.25
5/14/2020,0,56.6
5/15/2020,0.8,31.8
5/16/2020,0,35.38
5/17/2020,0,18.62
5/18/2020,0,20.03
5/19/2020,0,27.28
5/20/2020,0.8,38.49
5/21/2020,0,25.1
5/22/2020,0,15.95
5/23/2020,0,23.5
5/24/2020,0,37.78
5/25/2020,0,17.05
5/26/2020,15.6,20
5/27/2020,0,59.7
5/28/2020,0.4,90.4
5/29/2020,0,73.05
5/30/2020,0,51.06
5/31/2020,17.2,99.95
6/1/2020,0.8,199.9
6/2/2020,0,49.9
6/3/2020,0,58.6
6/4/2020,0,40.1
6/5/2020,1.6,33
6/6/2020,0.4,64.9
6/7/2020,1.6,352.41
6/8/2020,0,200.08
6/9/2020,0,148.78
6/10/2020,1.6,98.7
6/11/2020,16,238.15
6/12/2020,0,221.2
6/13/2020,0,129.4
6/14/2020,1.6,301.6
6/15/2020,26.4,152.69
6/16/2020,32.8,236.99
6/17/2020,8.8,246.38
6/18/2020,0,236.55
6/19/2020,0,307.2
6/20/2020,0,185.1
6/21/2020,23.2,176.99
6/22/2020,1.6,154.3
6/23/2020,4.8,132.54
6/24/2020,10.8,183.23
6/25/2020,62.8,134.8
6/26/2020,1.2,343.65
6/27/2020,48.4,445.6
6/28/2020,0,242.65
6/29/2020,0,174.66
6/30/2020,2,170.8
7/1/2020,198.8,355
7/2/2020,1.2,210.3
7/3/2020,0,236.6
7/4/2020,0,306.4
7/5/2020,0,262.2
7/6/2020,34,296.6
7/7/2020,20,264
7/8/2020,16.4,242.6
7/9/2020,2,203.25
7/10/2020,67.2,171.5
7/11/2020,52.4,"1,326.40"
7/12/2020,50,"2,753.30"
7/13/2020,0,"1,109.42"
7/14/2020,0,714.5
7/15/2020,0,336.28
7/16/2020,0,266.72
7/17/2020,0,221.23
7/18/2020,0,176.4
7/19/2020,1.2,198.95
7/20/2020,0,278.4
7/21/2020,1.2,260.15
7/22/2020,0,193.6
7/23/2020,0,164.5
7/24/2020,0,208.6
7/25/2020,0,184.4
7/26/2020,0,162.1
7/27/2020,1.6,140.82
7/28/2020,0,206
7/29/2020,31.2,117
7/30/2020,83.6,179.6
7/31/2020,0,179.95
8/1/2020,0,166.9
8/2/2020,39.6,187
8/3/2020,0,246
8/4/2020,48.8,180.15
8/5/2020,56,283.75
8/6/2020,32.8,443.78
8/7/2020,0,352.42
8/8/2020,0.4,272.48
8/9/2020,1.2,226.88
8/10/2020,11.6,236.2
8/11/2020,31.2,211.99
8/12/2020,0,355
8/13/2020,0,418.7
8/14/2020,2.4,492.6
8/15/2020,15.6,517.6
8/16/2020,1.2,879.01
8/17/2020,130.8,922
8/18/2020,38.8,"1,149.40"
8/19/2020,1.2,"1,594.80"
8/20/2020,0,548.32
8/21/2020,0,464.8
8/22/2020,0,313.7
8/23/2020,0,269.75
8/24/2020,1.6,322.55
8/25/2020,0.4,271.43
8/26/2020,0,329.3
8/27/2020,0,206.83
8/28/2020,0,173.75
8/29/2020,0,176.4
8/30/2020,0,200.94
8/31/2020,1.2,160.1
9/1/2020,0,199.86
9/2/2020,0,157.79
9/3/2020,0,131.79
9/4/2020,0,117.5
9/5/2020,0,82.05
9/6/2020,14.8,135.61
9/7/2020,0.4,259.79
9/8/2020,0,195.4
9/9/2020,1.6,523.41
9/10/2020,2,501.5
9/11/2020,0.4,434.66
9/12/2020,0,347
9/13/2020,0,346.78
9/14/2020,1.2,322.6
9/15/2020,0,298.68
9/16/2020,11.6,352.77
9/17/2020,0.4,245.67
9/18/2020,0.4,262
9/19/2020,0,279
9/20/2020,0.4,192.76
9/21/2020,89.2,514.79
9/22/2020,1.6,397.22
9/23/2020,0,324.7
9/24/2020,15.2,291.8
9/25/2020,0.4,287.39
9/26/2020,0,248.21
9/27/2020,0.4,237.7
9/28/2020,0,224
9/29/2020,0,239.2
9/30/2020,0,190.1
10/1/2020,0,527.27
10/2/2020,0,215.98
10/3/2020,0,190.1
10/4/2020,0,178.45
10/5/2020,2.4,175
10/6/2020,0,224
10/7/2020,0,202.5
10/8/2020,0,128.6
10/9/2020,0,111.72
10/10/2020,0,98.86
10/11/2020,0,118.9
10/12/2020,0,71
10/13/2020,0,82.89
10/14/2020,4,67
10/15/2020,0,186.83
10/16/2020,0,97.12
10/17/2020,0,85.52
10/18/2020,0,72.79
10/19/2020,2.8,67
10/20/2020,0,72
10/21/2020,0,44.5
10/22/2020,0,61.05
10/23/2020,0,52.8
10/24/2020,0,52.6
10/25/2020,0,54.9
10/26/2020,0,40.35
10/27/2020,0,46.67
10/28/2020,0,51.7
10/29/2020,0,53.3
10/30/2020,0,66.69
10/31/2020,0,47.1
11/1/2020,0,49.3
11/2/2020,0,30.85
11/3/2020,0,44.8
11/4/2020,0,49.9
11/5/2020,0,49.88
11/6/2020,0,49.48
11/7/2020,0,61
11/8/2020,0,42.74
11/9/2020,0,27.95
11/10/2020,0,36
11/11/2020,0,31.79
11/12/2020,0,36.47
11/13/2020,0,36.2
11/14/2020,0,22.15
11/15/2020,0,29.9
11/16/2020,0.8,36.07
11/17/2020,0,19.63
11/18/2020,0,65
11/19/2020,0,33.7
11/20/2020,0,32
11/21/2020,0,36.2
11/22/2020,0,36.2
11/23/2020,0,17.9
11/24/2020,0,29.29
11/25/2020,0,23.69
11/26/2020,0,25.39
11/27/2020,0,26
11/28/2020,0,21.5
11/29/2020,0,19.7
11/30/2020,0,15
12/1/2020,0,22
12/2/2020,0,22
12/3/2020,0,21.15
12/4/2020,0,23.23
12/5/2020,0,19.7
12/6/2020,0,22.1
12/7/2020,0,20.84
12/8/2020,0,16.14
12/9/2020,0,14.41
12/10/2020,0,13.74
12/11/2020,0,19.7
12/12/2020,0,20.07
12/13/2020,0,18.81
12/14/2020,0,19.7
12/15/2020,0,15
12/16/2020,0,15.2
12/17/2020,0,16.2
12/18/2020,0,17.59
12/19/2020,0,19.7
12/20/2020,0,19.7
12/21/2020,0,19.7
12/22/2020,0,19.7
12/23/2020,0,19.7
12/24/2020,0,13.55
12/25/2020,0,16.35
12/26/2020,0,16.35
12/27/2020,0,19.75
12/28/2020,0,14.92
12/29/2020,0,11.5
12/30/2020,0,11.5
12/31/2020,0,11.5
1/1/2021,0,13.55
1/2/2021,0,11.8
1/3/2021,0,13.24
1/4/2021,0,15.33
1/5/2021,0,11.5
1/6/2021,0,11.5
1/7/2021,0,11.5
1/8/2021,1.6,13.5
1/9/2021,0,18.6
1/10/2021,0,14.24
1/11/2021,0,17.98
1/12/2021,0,11.5
1/13/2021,0,11.5
1/14/2021,0,23.85
1/15/2021,0,19.7
1/16/2021,0,17.7
1/17/2021,0,20.8
1/18/2021,0,15.88
1/19/2021,0,16.1
1/20/2021,0,19.7
1/21/2021,0,19.55
1/22/2021,0,19.85
1/23/2021,0,15
1/24/2021,0,14.86
1/25/2021,0,14.59
1/26/2021,0,16.37
1/27/2021,0,14.15
1/28/2021,0,19.4
1/29/2021,0,11.2
1/30/2021,0,16.64
1/31/2021,0,11.2
2/1/2021,0,30.92
2/2/2021,0,21.76
2/3/2021,0,18.36
2/4/2021,0,19.4
2/5/2021,0,11.2
2/6/2021,0,19.01
2/7/2021,0,17.92
2/8/2021,0,11.2
2/9/2021,55.6,255.7
2/10/2021,0.8,52
2/11/2021,0,28.3
2/12/2021,0,26.27
2/13/2021,0,22.81
2/14/2021,0,19.4
2/15/2021,0,11.3
2/16/2021,0,10
2/17/2021,0,23.3
2/18/2021,0,16.42
2/19/2021,0,16.87
2/20/2021,0,20.54
2/21/2021,0,23.55
2/22/2021,0,13.94
2/23/2021,0,20.19
2/24/2021,0,18.76
2/25/2021,0,24.83
2/26/2021,0,29.5
2/27/2021,0,16.01
2/28/2021,0,18.3
3/1/2021,0,18.15
3/2/2021,0,16.62
3/3/2021,0,14.6
3/4/2021,0,12.2
3/5/2021,0,19.01
3/6/2021,0,13.4
3/7/2021,0,17.9
3/8/2021,0,13
3/9/2021,0,11.25
3/10/2021,0,17.03
3/11/2021,0,17.83
3/12/2021,0,12.48
3/13/2021,0,10.55
3/14/2021,0,13.1
3/15/2021,0,7
3/16/2021,0,18.3
3/17/2021,0,18.2
3/18/2021,0,11.2
3/19/2021,0,11.6
3/20/2021,0,11.68
3/21/2021,0,12.31
3/22/2021,0,19.9
3/23/2021,8,26.25
3/24/2021,0,8.55
3/25/2021,0,19.32
3/26/2021,0,15.33
3/27/2021,0,15.33
3/28/2021,0,23.1
3/29/2021,0,11.77
3/30/2021,0,13.33
3/31/2021,0,8.5
4/1/2021,0,14.08
4/2/2021,0,25.4
4/3/2021,0,11.53
4/4/2021,0,19.6
4/5/2021,11.6,46.17
4/6/2021,15.6,91.19
4/7/2021,1.6,73.07
4/8/2021,0,43.3
4/9/2021,1.2,16.3
4/10/2021,0,41.6
4/11/2021,116,45.87
4/12/2021,0,41.95
4/13/2021,0,34.4
4/14/2021,0,27.56
4/15/2021,0,27.8
4/16/2021,0,19.3
4/17/2021,12,156.2
4/18/2021,4,103.9
4/19/2021,0,87.93
4/20/2021,0,51.22
4/21/2021,0,42.5
4/22/2021,0,35.34
4/23/2021,0,21.45
4/24/2021,0,23.3
4/25/2021,0,21.68
4/26/2021,0,327.29
4/27/2021,0,117.75
4/28/2021,107.6,104.13
4/29/2021,0,66
4/30/2021,0,98.8
5/1/2021,0,66.15
5/2/2021,0,46.25
5/3/2021,3.2,70.65
5/4/2021,0,57.4
5/5/2021,0,41.4
5/6/2021,0,76.7
5/7/2021,0,96.95
5/8/2021,0,73.55
5/9/2021,0,43.7
5/10/2021,0,33.52
5/11/2021,0,26.1
5/12/2021,0,34.4
5/13/2021,0,34.4
5/14/2021,0,53.05
5/15/2021,0,46.98
5/16/2021,0,35.54
5/17/2021,0,23.6
5/18/2021,0,38.05
5/19/2021,1.2,35.05
5/20/2021,16,30
5/21/2021,0,37.4
5/22/2021,0,52.2
5/23/2021,0,23.3
5/24/2021,0,45.4
5/25/2021,0,24.7
5/26/2021,0,24.35
5/27/2021,8,24.7
5/28/2021,0,57.48
5/29/2021,0,44.48
5/30/2021,0,14.9
5/31/2021,0,14.9
6/1/2021,1.6,88.7
6/2/2021,0,67.73
6/3/2021,0,73.19
6/4/2021,0,76.64
6/5/2021,0,133.5
6/6/2021,0,91.4
6/7/2021,0.8,75.4
6/8/2021,0,107.03
6/9/2021,0,63.05
6/10/2021,0,164.7
6/11/2021,0.4,119.6
6/12/2021,0,77.11
6/13/2021,0,130.78
6/14/2021,0,126.9
6/15/2021,0,87.6
6/16/2021,0,189.48
6/17/2021,20,162.6
6/18/2021,0,92
6/19/2021,0,81.83
6/20/2021,0,70.5
6/21/2021,0,54.85
6/22/2021,0,48.8
6/23/2021,0,63.45
6/24/2021,0,606.99
6/25/2021,79.2,691.66
6/26/2021,0,489.5
6/27/2021,11.6,415
6/28/2021,36,253.45
6/29/2021,16,412.4
6/30/2021,28,314.4
7/1/2021,52,522.25
7/2/2021,0,496.8
7/3/2021,12.8,339.58
7/4/2021,0,228.58
7/5/2021,0,180
7/6/2021,68,427.25
7/7/2021,0,258.82
7/8/2021,16,189.95
7/9/2021,0,326.3
7/10/2021,0,236.05
7/11/2021,0,179.8
7/12/2021,0,129.1
7/13/2021,0,110.55
7/14/2021,0,104.55
7/15/2021,0,443.85
7/16/2021,0,235
7/17/2021,0,184.8
7/18/2021,0,105.1
7/19/2021,36,201.4
7/20/2021,32,258.1
7/21/2021,0,275.1
7/22/2021,0,216.5
7/23/2021,12,410.7
7/24/2021,0,223.6
7/25/2021,8,158.65
7/26/2021,0,219.95
7/27/2021,0,155.1
7/28/2021,6,166.5
7/29/2021,0,266.5
7/30/2021,0,240.85
7/31/2021,0,215.9
8/1/2021,0,216.2
8/2/2021,0,287.6
8/3/2021,0,311.95
8/4/2021,0,203.9
8/5/2021,0,188.9
8/6/2021,0,184.6
8/7/2021,0,115.1
8/8/2021,16,109.7
8/9/2021,12,179.5
8/10/2021,125.6,268.34
8/11/2021,9.6,236.75
8/12/2021,0,518.3
8/13/2021,0,541.5
8/14/2021,0,457.8
8/15/2021,0,905.01
8/16/2021,0,743.33
8/17/2021,0,552.45
8/18/2021,0,589.25
8/19/2021,0,452.55
8/20/2021,0,355.7
8/21/2021,0,226.53
8/22/2021,0,188.92
8/23/2021,0,182.7
8/24/2021,0,218.15
8/25/2021,0,266.05
8/26/2021,0,262.1
8/27/2021,0,195.8
8/28/2021,0,161.65
8/29/2021,0,141.75
8/30/2021,0,148.4
8/31/2021,0,120.9
9/1/2021,0,135.87
9/2/2021,0,114.43
9/3/2021,0,97.4
9/4/2021,0,56.7
9/5/2021,0,85.6
9/6/2021,0,134.15
9/7/2021,0,85.6
9/8/2021,0,71.8
9/9/2021,0,71.8
9/10/2021,0,99.5
9/11/2021,0,78.75
9/12/2021,0,85.65
9/13/2021,0,57.31
9/14/2021,0,71.8
9/15/2021,0,45.1
9/16/2021,0,52.15
9/17/2021,0,66.25
9/18/2021,0,80.77
9/19/2021,0,100.85
9/20/2021,4,215.3
9/21/2021,8,104.1
9/22/2021,0,86.05
9/23/2021,0,78.2
9/24/2021,0.4,60.31
9/25/2021,0,78.8
9/26/2021,0,72.75
9/27/2021,0,89.7
9/28/2021,0,71.55
9/29/2021,0,49.95
9/30/2021,0,75.8
10/1/2021,4,47.1
10/2/2021,0,47.1
10/3/2021,0,76.7
10/4/2021,0,76.75
10/5/2021,0,71.93
10/6/2021,0,54.51
10/7/2021,0,48.4
10/8/2021,0,35.6
10/9/2021,0,21.7
10/10/2021,8,119.41
10/11/2021,0,317.94
10/12/2021,0,110.75
10/13/2021,0,64.27
10/14/2021,0,32.4
10/15/2021,0,327.68
10/16/2021,0,138.8
10/17/2021,0,87.5
10/18/2021,0,68.02
10/19/2021,0,59.41
10/20/2021,3.2,49
10/21/2021,0.4,49.05
10/22/2021,0,33.7
10/23/2021,0,172.3
10/24/2021,0,75.5
10/25/2021,0,66.45
10/26/2021,0,49.1
10/27/2021,0,49.1
10/28/2021,0,49.1
10/29/2021,0,79.9
10/30/2021,0,46.35
10/31/2021,0.4,65.7
11/1/2021,0,100.95
11/2/2021,0,322.8
11/3/2021,0,250.9
11/4/2021,0,185.47
11/5/2021,0,115.77
11/6/2021,0,98.98
11/7/2021,0,78.85
11/8/2021,0,68.2
11/9/2021,0,84.6
11/10/2021,0,67.27
11/11/2021,0,53.7
11/12/2021,0,50.85
11/13/2021,0,49.69
11/14/2021,0,35.7
11/15/2021,0,52
11/16/2021,0,53.35
11/17/2021,0,43.85
11/18/2021,0,47.95
11/19/2021,0,52
11/20/2021,0,42.33
11/21/2021,0,37.87
11/22/2021,0,52
11/23/2021,0,52
11/24/2021,0,20
11/25/2021,0,19.4
11/26/2021,0,44.4
11/27/2021,0,19.7
11/28/2021,0,34.69
11/29/2021,0,36.2
11/30/2021,0,27.95
12/1/2021,0,29.98
12/2/2021,0,27.9
12/3/2021,0,27.9
12/4/2021,0,19.7
12/5/2021,0,19.7
12/6/2021,0,28
12/7/2021,0,24.7
12/8/2021,0,26.25
12/9/2021,0,3.2
12/10/2021,0,21.78
12/11/2021,0,19.7
12/12/2021,0,52.8
12/13/2021,0,23.22
12/14/2021,0,15.39
12/15/2021,0,11.4
12/16/2021,0,20.9
12/17/2021,0,15.2
12/18/2021,0,11.4
12/19/2021,0,11.4
12/20/2021,0,11.4
12/21/2021,0,23.9
12/22/2021,0,369
12/23/2021,0,11.4
12/24/2021,0,11.4
12/25/2021,0,11.4
12/26/2021,0,37.1
12/27/2021,0,67.11
12/28/2021,0,37.2
12/29/2021,0,27.9
12/30/2021,0,32.05
12/31/2021,0,27.45
1/1/2022,0,44.5
1/2/2022,0,23.8
1/3/2022,0,23.8
1/4/2022,0,25.11
1/5/2022,0,20.38
1/6/2022,0,21.64
1/7/2022,0,21.23
1/8/2022,0,19.7
1/9/2022,0,11.4
1/10/2022,0,27.9
1/11/2022,0,11.4
1/12/2022,0,19.7
1/13/2022,0,9.6
1/14/2022,0,19.7
1/15/2022,0,25.19
1/16/2022,12,170.46
1/17/2022,0,105.08
1/18/2022,0,47.25
1/19/2022,0,44.5
1/20/2022,0,11.5
1/21/2022,16,144.55
1/22/2022,0,126.98
1/23/2022,0,78.53
1/24/2022,0,52.8
1/25/2022,0,52
1/26/2022,0,44.5
1/27/2022,0,19.7
1/28/2022,0.4,33.16
1/29/2022,0,27.93
1/30/2022,0,39.42
1/31/2022,0,16.7
2/1/2022,0,51.45
2/2/2022,0,19.7
2/3/2022,0,23.15
2/4/2022,0,25.3
2/5/2022,28,28
2/6/2022,4,72.93
2/7/2022,0,79.45
2/8/2022,0,47.1
2/9/2022,0,29.91
2/10/2022,0,41
2/11/2022,0,18.05
2/12/2022,0.4,31.2
2/13/2022,0,43.95
2/14/2022,0,27.6
2/15/2022,0,11.3
2/16/2022,0,20.15
2/17/2022,0,29.45
2/18/2022,0,22.67
2/19/2022,0,10.2
2/20/2022,0,149.8
2/21/2022,4,52
2/22/2022,0.8,84.3
2/23/2022,0,74.84
2/24/2022,0,54.73
2/25/2022,0,58.9
2/26/2022,0,24.45
2/27/2022,0,28.1
2/28/2022,0,38.4
3/1/2022,0,13
